2024	London	24
2024	Copenhagen	18
2024	Xiamen	11
2024	Bangkok	10
2024	Beijing	10
2024	Melbourne	9
2024	Dubai	9
2024	Sydney	9
2024	Tokyo	8
2024	Vancouver	8
2024	Hangzhou	7
2024	Zurich	7
2024	Chongqing	6
2024	Chengdu	6
2024	Chennai	6
2024	Shanghai	5
2024	Xi'An	5
2024	New York	5
2024	Macau	5
2024	Qingdao	5
2024	Yokohama	4
2024	Milan	4
2024	Osaka	4
2024	Cape Town	4
2024	Seattle	4
2024	Wenzhou	3
2024	Danang	3
2024	Guangzhou	3
2024	Paris	3
2024	The University Of Tokyo	3
2024	Nanjing	3
2024	Dalian	3
2024	Phuket Island	3
2024	Tianjin	3
2024	Kuala Lumpur	3
2024	Toronto	3
2024	Naples	3
2024	Oxford	3
2024	Sharjah	2
2024	Belgrade	2
2024	Nagoya	2
2024	Pisa	2
2024	Okayama	2
2024	Huddersfield	2
2024	Gran Canaria	2
2024	Macao	2
2024	Wuxi	2
2024	Hefei	2
2024	Athens	2
2024	Sibiu	2
2024	Haikou	2
2024	Chiangmai	2
2024	Xiangyang	2
2024	Xining	2
2024	Sanya	2
2024	Malmãö	2
2024	Hongkong	2
2024	Fukuoka	2
2024	Seattle Wa	2
2024	Barcelona	2
2024	Istanbul	2
2024	Vienna	2
2024	Dubrovnik	2
2024	Bruges	2
2024	Ostrava	2
2024	Kyoto	2
2024	Swansea	2
2024	Niagara Falls	2
2024	Chiang Mai	2
2022	Adelaide	1
2023	Washington D	1
2024	Uppsala	1
2024	Dali	1
2024	Waseda University In Tokyo	1
2024	Amsterdam	1
2024	Penang	1
2024	Laguna Hills	1
2024	Pattaya City	1
2024	Palermo	1
2024	Yasmine Hammamet	1
2024	Sofia	1
2024	Sendai	1
2024	Wuhu	1
2024	Porto	1
2024	Malmo	1
2024	Talca	1
2024	Heerlen	1
2024	Casablanca	1
2024	Montevideo	1
2024	Taicang	1
2024	Golden Sands	1
2024	Cartagena	1
2024	Brunel University London	1
2024	Changchun	1
2024	Sousse	1
2024	Wuhan	1
2024	Bhopal	1
2024	Baratti - Tuscany	1
2024	Craiova	1
2024	Boston	1
2024	Lecce	1
2024	Belfast	1
2024	Sheffield	1
2024	Cagliari	1
2024	Bournemouth	1
2024	Kuching	1
2024	Hagenberg	1
2024	Lancaster	1
2024	Tottori	1
2024	Zagreb	1
2024	Xidian University	1
2024	Sunderland	1
2024	Mainz	1
2024	Dead Sea	1
2024	Macau S	1
2024	Boulder	1
2024	Chania	1
2024	Cambridge	1
2024	Cadiz	1
2024	Buffalo	1
2024	Inha University	1
2024	Osaka University	1
2024	San Antonio	1
2024	Wellington	1
2024	San Jose	1
2024	Burgas	1
2024	Porto De Galinhas	1
2024	Oulu	1
2024	J	1
2024	Universiti Tunku Abdul Rahman	1
2024	Sikkim	1
2024	Aveiro	1
2024	Miami	1
2024	Abu Dhabi	1
2024	Bengaluru	1
2024	Hanoi	1
2024	Fudan University	1
2024	Medan	1
2024	Ibs Bangalore	1
2024	Auckland	1
2024	Warsaw	1
2024	Bratislava	1
2024	Edinburgh	1
2024	Mnit Jaipur	1
2024	Ecai	1
2024	Santiago De Compostela	1
2024	Noakhali	1
2024	Bogota	1
2024	Tallinn	1
2024	Tenerife	1
2024	San Luis Potosi	1
2024	Hoboken	1
2024	Cairo	1
2024	Edmonton	1
2024	Fuzhou	1
2024	Oslo	1
2024	Suzhou	1
2024	Salt Lake City	1
2024	Odense	1
2024	Sozopol	1
2024	Brighton	1
2024	Tuscany	1
2024	Lisbon	1
2024	Vilnius	1
2024	Orlando	1
2024	Gif-Sur-Yvette (Paris Suburbs)	1
2024	Lugano-Viganello	1
2024	Xanthi	1
2024	Seville	1
2024	Lugano	1
2024	Xishuangbanna	1
2024	Tirunelveli	1
2024	Riyadh	1
2024	France	1
2024	Bayonne	1
2024	Book By Qusay F	1
2024	Florence	1
2024	Tampere	1
2024	Kagoshima	1
2024	Sanghai	1
2024	Dijon	1
2024	Kitakyushu	1
2024	Rome	1
2024	Seoul	1
2024	Los Angeles	1
2025	Barcelona	1
