acronym	name	where	year
IJWMN	International Journal Of Wireless & Mobile Networks -- Era, Wjci Indexed, H Index	Online	2024
ICISPP--EI	International Conference On Information Security And Privacy Protection	Nanjing, China	2024
ABB	The Joint International Conference On Ai, Big Data And Blockchain	Vienna	2024
FICLOUD	The International Conference On Future Internet Of Things And Cloud	Vienna	2024
BCCA	The Sixth International Conference On Blockchain Computing And Applications	Dubai, UAE	2024
IEEEICCCBDA	The International Conference On Cloud Computing And Big Data Analytics	Chengdu, China	2024
ICINT	International Conference On Information And Network Technologies	Tokyo, Japan	2024
CYBERMATICS	Ieee Cybermatics Congress	Copenhagen, Denmark	2024
CSP	International Conference On Cryptography, Security And Privacy	Osaka, Japan	2024
SMARTDATA	Ieee International Conference On Smart Data	Copenhagen, Denmark	2024
SPM	International Conference On Signal, Image Processing And Multimedia	London, United Kingdom	2024
BIOENG	International Conference On Bioscience & Engineering	Virtual Conference	2024
DMSE	International Conference On Data Mining And Software Engineering	London, United Kingdom	2024
CLOUD	International Conference On Cloud Computing: Services And Architecture	Zurich, Switzerland	2024
AIMLNET	International Conference On Ai, Machine Learning In Communications And Networks	London, United Kingdom	2024
BIOT	International Conference On Block Chain And Internet Of Things	Zurich, Switzerland	2024
BIOM	International Conference On Big Data, Iot And Machine Learning	Chennai, India	2024
CE	International Conference On Civil Engineering	Copenhagen, Denmark	2024
EDUIT	International Conference On Education & Information Technology	Copenhagen, Denmark	2024
DSCC	International Conference On Data Science And Cloud Computing	Dubai, UAE	2024
CMLA	International Conference On Machine Learning & Applications	London, United Kingdom	2024
IJDMS	International Journal Of Database Management Systems - Wjci Indexed	Online	2024
IJMA	International Journal Of Multimedia & Its Applications -- Era Indexed	Online	2024
CYBI	International Conference On Cybernetics & Informatics	Melbourne, Australia	2024
DKMP	Conference On Data Mining & Knowledge Management Process	Zurich, Switzerland	2024
IPDCA	International Conference On Parallel, Distributed Computing And Applications	Sydney, Australia	2024
NLCAI	International Conference On Natural Language Computing And Ai	Zurich, Switzerland	2024
CAMSE	International Conference On Advances In Materials Science And Engineering	Virtual Conference	2024
CSIT	International Conference On Computer Science And Information Technology	Sydney, Australia	2024
IJCSEIT	International Journal Of Computer Science, Engineering And Information Technology	Online	2024
SESBC	International Conference On Software Engineering, Security And Blockchain	Dubai, UAE	2024
IJAIT	International Journal Of Advanced Information Technology	Online	2024
COSIT	International Conference On Computer Science And Information Technology	Melbourne, Australia	2024
BDAP	International Conference On Big Data And Applications	Sydney, Australia	2024
WIMONE	International Conference On Wireless & Mobile Networks	London, United Kingdom	2024
IJCSITCE	The International Journal Of Computational Science, Information Technology And Control Engineering	Online	2024
NLPD	International Conference On Nlp & Big Data	London, United Kingdom	2024
NLDM	International Conference On Nlp & Data Mining	Chennai, India	2024
VLSIA	International Conference On Vlsi And Applications	Copenhagen, Denmark	2024
CDKP	International Conference On Data Mining & Knowledge Management Process	Vancouver, Canada	2024
NLPD	International Conference On Nlp & Big Data	London, United Kingdom	2024
AIS	International Conference On Artificial Intelligence And Soft Computing	Sydney, Australia	2024
ADNLP	International Conference On Advanced Natural Language Processing	Vancouver, Canada	2024
MSE	International Conference On Materials Science And Engineering	Virtual Conference	2024
CBDA	International Conference On Big Data	Melbourne, Australia	2024
CONECO	International Conference On Computer Networks & Communications	Copenhagen, Denmark	2024
SIP	International Conference On Signal & Image Processing	Dubai, UAE	2024
NCO	International Conference On Networks And Communications	Vancouver, Canada	2024
AVC	Advances In Vision Computing: An International Journal	Online	2024
BDML	International Conference On Big Data And Machine Learning	Zurich, Switzerland	2024
IJWSC	International Journal On Web Service Computing	Online	2024
CBW	International Conference On Cloud, Big Data And Web Services	Vancouver, Canada	2024
IJP2P	International Journal Of Peer-To-Peer Networks	Online	2024
IJACEEE	International Journal Of Applied Control, Electrical And Electronics Engineering	Online	2024
IJITMC	The International Journal Of Information Technology, Modeling And Computing	Online	2024
ICISDM--EI	International Conference On Information System And Data Mining	Los Angeles, CA, USA	2024
CEIJ	Chemical Engineering: An International Journal	Online	2024
ICBET	International Conference On Biomedical Engineering And Technology	Seoul, South Korea	2024
ECTIJ	Economics, Commerce And Trade Management: An International Journal	Online	2024
BDAI	International Conference On Big Data And Artificial Intelligence	Beijing, China	2024
ACMICCBDC	International Conference On Cloud And Big Data Computing	Oxford, United Kingdom	2024
LSIJ	Life Sciences: An International Journal	Online	2024
ICBDC--EI	International Conference On Big Data And Computing	Bangkok, Thailand	2024
ICIIP--SCOPUS	International Conference On Intelligent Information Processing	Oxford, United Kingdom	2024
ITIOT	International Conference On Information Technology And Internet Of Things	London, UK	2024
ADEIJ	Advances In Engineering: An International Journal	Online	2024
ICIKM	International Conference On Innovation, Knowledge, And Management	Rome, Italy	2024
ACM-EI/SCOPUS-CNIOT	International Conference On Computing, Networks And Internet Of Things	Tokyo, Japan	2024
IEEECOINS	Ieee Coins - London, Uk - July - Hybrid	Hybrid Event	2024
ACM-EI/SCOPUS-CWCBD	International Conference On Wireless Communication And Big Data	Tokyo, Japan	2024
BCD2024-SUMMER	Acis International Summer Conference On Big Data, Cloud Computing, And Data Science	Kitakyushu, Fukuoka, Japan	2024
DATA	International Conference On Data Science, Technology And Applications	Dijon, France	2024
IEEEICAIBD	The International Conference On Artificial Intelligence And Big Data	Chengdu, China	2024
ACMBDE	International Conference On Big Data Engineering	Xining, China	2024
ICITS--EI	The International Conference On Information Technology And Science	Phuket Island, Thailand	2024
AIBT	The International Conference On Artificial Intelligence And Blockchain Technology	Beijing, China	2024
BDEE	The International Conference On Big Data Engineering And Education	Chiangmai, Thailand	2024
IEEEIMC	The Ieee International Conference On Intelligent Mobile Computing	Sanghai,China	2024
DAWAK	International Conference On Big Data Analytics And Knowledge Discovery	Naples, Italy	2024
ICCFI	The International Conference On Communications And Future Internet	Kagoshima, Japan	2024
IMMS	The International Conference On Information Management And Management Science	Beijing, China	2024
ACMBDSIC	International Conference On Big-Data Service And Intelligent Computation	Hong Kong	2024
BECS	International Workshop On Big Data Driven Edge Cloud Services	Tampere, Finland	2024
BIOTC	Blockchain And Internet Of Things Conference	Fukuoka, Japan	2024
AIBC	International Artificial Intelligence And Blockchain Conference	The University of Tokyo, Japan	2024
BDML	International Conference On Big Data And Machine Learning	Xiamen, China	2024
ICITT	International Conference On Intelligent Traffic And Transportation	Florence, Italy	2024
ICMIS	International Conference On Management Information System	Tokyo, Japan	2024
ICBDE	The International Conference On Big Data And Education	Oxford, UK	2024
CALLFORCHAPTERS-CRCPRESS	Internet Of Things: Challenges And Advances	Book by Qusay F, Hassan - CRC Press/USA	2024
ACMBDCI	The International Conference On Big Data And Computational Intelligence	Kyoto, Japan	2024
ACMBDIOT	International Conference On Big Data And Internet Of Things	Macao, China	2024
SOCAV	International Symposium On Connected And Autonomous Vehicles	Virtually	2024
WBDC	International Conference On Big Data And Computing	online	2024
ACMICBDT	International Conference On Big Data Technologies	Hangzhou, China	2024
ICCDA	The International Conference On Computing And Data Analysis	Wenzhou, China	2024
BDMO--EI	International Conference On Big Data Modeling And Optimization	Huddersfield, UK	2024
IDSTA	The International Conference On Intelligent Data Science Technologies And Applications	Dubrovnik, Croatia	2024
ADBIS	European Conference On Advances In Databases And Information Systems	Bayonne, France	2024
ACMICICM	The International Conference On Information Communication And Management	France, Paris	2024
IDEAS	The International Database Engineered Applications Symposium	Bayonne	2024
CECCC	International Communication Engineering And Cloud Computing Conference	Chengdu, China	2024
NYC-2024-BD	New York Annual Conference On Big Data	New York, USA	2024
ITADATA	The Italian Conference On Big Data And Data Science	Pisa, Italy	2024
ICOSR	International Conference On Service Robotics	Hangzhou, China	2024
ACMICIT	The International Conference On Information Technology: Iot And Smart City	Kuala Lumpur, Malaysia	2024
ACMICBTA	International Conference On Blockchain Technology And Applications	Xi'an, China	2024
ICBDM	International Conference On Big Data In Management	Chiang Mai, Thailand	2024
ACMICISE	International Conference On Information Systems Engineering	Chiang Mai, Thailand	2024
CDMA	International Conference On Data Science And Machine Learning	Riyadh, Saudi Arabia	2024
ICDICI	International Conference On Data Intelligence And Cognitive Informatics	Tirunelveli, Tamil Nadu, India	2024
BDCAT	Ieee/Acm IntâL Conf, On Big Data Computing, Applications, And Technologies	Sharjah, UAE	2024
MEDES	The International Conference On Management Of Digital Ecosystems	Naples	2024
ICBICC	International Conference On Big Data, Iot, And Cloud Computing	Xishuangbanna, China	2024
DSIT	International Conference On Data Science And Information Technology	Nanjing, China	2024
WICV@CVPR	Women In Computer Vision Workshop At Cvpr	Seattle, USA	2024
DLFORNEURO-HEURISTICBRAINANALYSIS	Workshop On Deep Learning For Neuro-Heuristic Brain Analysis @	Lugano, Switzerland	2024
MDAI	International Conference On Modeling Decisions For Artificial Intelligence	Tokyo, Japan	2024
KES	International Conference On Knowledge-Based And Intelligent Information And Engineering Systems	Seville, Spain	2024
ICAISE--EI	International Conference On Artificial Intelligence And Software Engineering	Singapore	2024
AVSS	Ieee International Conference On Advanced Video And Signal-Based Surveillance	Niagara Falls, Canada	2024
CFP-CIPCV-EI/SCOPUS	International Conference On Intelligent Perception And Computer Vision	Xiamen, China	2024
FLAWR	Federated Learning Applications In The Real World	Xanthi, Greece	2024
ISIPA	International Symposium On Image Processing And Analysis	Xiamen, China	2024
ICANN	International Conference On Artificial Neural Networks	Lugano-Viganello, Switzerland	2024
ISPR	International Conference On Intelligent Systems And Pattern Recognition	Istanbul, Turkey	2024
COPA	Symposium On Conformal And Probabilistic Prediction With Applications	Milan, Italy	2024
GRAPH-HOC	International Conference On Applications Of Graph Theory In Wireless Ad Hoc Networks And Sensor Networks	London, United Kingdom	2024
IJCIS	International Journal On Cryptography And Information Security	Online	2024
SOENG	International Conference On Software Engineering	Sydney, Australia	2024
NETCOM	International Conference On Networks & Communications	London, United Kingdom	2024
SAIM	International Conference On Soft Computing, Artificial Intelligence And Machine Learning	Copenhagen, Denmark	2024
SIPM	International Conference On Signal Image Processing And Multimedia	Copenhagen, Denmark	2024
DMML	International Conference On Data Mining & Machine Learning	Sydney, Australia	2024
IJCGA	International Journal Of Computer Graphics & Animation	Online	2024
MEC	International Conference On Trends In Mechanical Engineering	Virtual Conference	2024
SCOM	International Conference On Soft Computing	Dubai, UAE	2024
IJME	International Journal Of Microelectronics Engineering	Online	2024
ICAITA	International Conference On Advanced Information Technologies And Applications	Vancouver, Canada	2024
SPTM	International Conference Of Security, Privacy And Trust Management	Sydney, Australia	2024
ARIT	International Conference On Advances In Artificial Intelligence Techniques	London, United Kingdom	2024
SAI	International Conference On Soft Computing, Artificial Intelligence And Applications	Vancouver, Canada	2024
DMA	International Conference On Data Mining And Applications	Melbourne, Australia	2024
IJMPICT	International Journal Of Managing Public Sector Information And Communication Technologies	Online	2024
CIOS	International Conference On Cloud, Iot And Security	Virtual Conference	2024
IJDPS	International Journal Of Distributed And Parallel Systems	Online	2024
BINLP	International Conference On Big Data, Iot & Nlp	London, United Kingdom	2024
MLBRIEFS	Ipol Â Mlbriefs Workshop Of Reproducible Research	Gif-sur-Yvette (Paris suburbs), France	2024
CSEIJ	Call For Conference Proceedings - Computer Science & Engineering: An International Journal	Online	2024
CSEIT	International Conference On Computer Science, Engineering And Information Technology	London, United Kingdom	2024
CSEAI	International Conference On Computer Science, Engineering And Artificial Intelligence	Virtual Conference	2024
SOFTFM	International Conference On Software Engineering Advances And Formal Methods	Chennai, India	2024
IJAIA	International Journal Of Artificial Intelligence & Applications - H Index -	Online	2024
AIAPP	International Conference On Artificial Intelligence And Applications	Melbourne, Australia	2024
IPPR	International Conference On Image Processing And Pattern Recognition	Sydney, Australia	2024
SCDD	International Conference On Soft Computing, Data Mining And Data Science	Virtual Conference	2024
COMIT		Chennai, India	2024
HAS	International Conference On Humanities, Art And Social Studies	Virtual Conference	2024
CHENG	International Conference On Advances In Chemistry & Chemical Engineering	Virtual Conference	2024
IJCSA	International Journal On Computational Science & Applications	Online	2024
NSEC	International Conference On Networks And Security	Copenhagen, Denmark	2024
AI&FL	International Conference Of Multidisciplinary & Interdisciplinary Bioscience	Dubai, UAE	2024
CIOT	International Conference On Internet Of Things	London, United Kingdom	2024
NLPTT	International Conference On Nlp Trends & Technologies	Dubai, UAE	2024
IJITCS	International Journal Of Information Technology Convergence And Services	Online	2024
BIOEJ	Bioscience & Engineering: An International Journal	Online	2024
ITCA	International Conference Of Information Technology, Control And Automation	Copenhagen, Denmark	2024
AISO	International Conference On Artificial Intelligence And Soft Computing	Chennai, India	2024
MLAIJ	Machine Learning And Applications: An International Journal	Online	2024
IJANS	International Journal On Adhoc Networking Systems	Online	2024
CACIT	International Conference On Advances In Computing & Information Technologies	Copenhagen, Denmark	2024
NMOCT	International Conference On Networks, Mobile Communications And Telematics	Toronto, Canada	2024
IJCSIT	International Journal Of Computer Science And Information Technology - H-Index	Online	2024
BIOS	International Conference On Bioinformatics & Biosciences	Toronto, Canada	2024
NLPML	International Conference On Natural Language Processing And Machine Learning	Melbourne, Australia	2024
SIGL	International Conference On Signal And Image Processing	Melbourne, Australia	2024
SIPRO	International Conference On Signal And Image Processing	Zurich, Switzerland	2024
ANTJ	Advanced Nanoscience And Technology: An International Journal	Online	2024
CSIJ	Circuits And Systems: An International Journal	Online	2024
CSE	International Conference On Computational Science And Engineering	Dubai, UAE	2024
MLT	International Conference On Machine Learning & Trends	Vancouver, Canada	2024
IJCSES	International Journal Of Computer Science And Engineering Survey	Online	2024
AMLA	International Conference On Advanced Machine Learning	Sydney, Australia	2024
HIIJ	Health Informatics: An International Journal	Online	2024
MAI	Cvpr Mobile Ai Workshop And Challenges	Seattle, US	2024
IJSC	International Journal On Soft Computing	Online	2024
MEIJ	Mechanical Engineering: An International Journal	Online	2024
ELELIJ	Electrical And Electronics Engineering: An International Journal	Online	2024
IJRAP	International Journal Of Recent Advances In Physics	Online	2024
EEIEJ	Emerging Trends In Electrical, Electronics & Instrumentation Engineering: An International Journal	Online	2024
AMS	Advanced Medical Sciences: An International Journal	Online	2024
IJSCAI	International Journal On Soft Computing, Artificial Intelligence And Applications	Online	2024
NTIRE	Cvpr New Trends In Image Restoration And Enhancement Workshop And Challenges	Seattle, US	2024
NLPAI	International Conference On Natural Language Processing And Artificial Intelligence	Chongqing, China	2024
ACMLC	Asia Conference On Machine Learning And Computing	Bangkok, Thailand	2024
PRML--EI	The International Conference On Pattern Recognition And Machine Learning	Chongqing, China	2024
ICSCT	International Conference On Software And Computing Technologies	Danang, Vietnam	2024
IWPR	International Workshop On Pattern Recognition	Xiamen, China	2024
HUMAN-CENTREDXAI	Enhancing Ai Acceptability For Healthcare	Orlando, Florida, USA (and Online)	2024
ECML-PKDD	European Conference On Machine Learning And Principles And Practice Of Knowledge Discovery In Databases	Vilnius, Lithuania	2024
CVMI@CVPR	Ieee Workshop On Computer Vision For Microscopy Image Analysis	Seattle WA, USA	2024
TAA-LMHCU	Towards An Automated Art? Learning Machines, Human Creativity And Uncertainty	Lisbon, Portugal	2024
ACDL	Advanced Course On Data Science & Machine Learning	Tuscany, Italy	2024
FL@FM-ICME	International Workshop On Federated Learning And Foundation Models For Multi-Media	Niagara Falls, ON, Canada	2024
IEEEPRAI	The International Conference On Pattern Recognition And Artificial Intelligence	Hangzhou, China	2024
ICIEM	International Conference On Intelligent Engineering And Management	London, United Kingdom	2024
PCEIOT	Workshop On Privacy In The Cloud/Edge/Iot World	Hanoi (Vietnam) and Online (Virtual)	2024
MLANN	Asia Conference On Machine Learning, Algorithms And Neural Networks	Xiamen, China	2024
CVIPPR	Asia Conference On Computer Vision, Image Processing And Pattern Recognition	Xiamen, China	2024
FAIML	International Conference On Frontiers Of Artificial Intelligence And Machine Learning	Chongqing, China	2024
AITIJ	Advances In Interconnect Technologies: An International Journal	Online	2024
JPS	Journal Of Political Science	Online	2024
ICFIT--ESCI	International Conference On Frontiers Of Intelligent Technology	Macau, China	2024
IJAD	International Journal Of Advanced Dermatology	Online	2024
AEROIJ	Aerospace Engineering: An International Journal	Online	2024
JEDT	International Journal Of Electronic Design And Test	Online	2024
AIAAT	International Conference On Artificial Intelligence Applications And Technologies	Kuala Lumpur, Malaysia	2024
OPTLJ	Integrated Optics And Lightwave : An International Journal	Online	2024
ACM-EI/SCOPUS-CCNML	International Conference On Communications, Networking And Machine Learning	Shanghai, China	2024
ACM-EI/SCOPUS-CVGIP	International Conference On Computer Vision, Graphics And Image Processing	Hangzhou, China	2024
AITC--EI	International Artificial Intelligence Technology Conference	Qingdao, China	2024
MTAPSPECIALISSUE	Heritage Preservation In The Digital Age: Advances In Machine Learning, Monomodal And Multimodal Processing, And Human-Machine Interaction	Online	2024
CVIV	International Conference On Advances In Computer Vision, Image And Virtualization	Sanya, China	2024
IDC	Intelligent Distributed Computing	Brighton, U,K	2024
ACM-EI/SCOPUS-AI2A	International Conference On Artificial Intelligence, Automation And Automation	Shanghai, China	2024
ACMSPML	International Conference On Signal Processing And Machine Learning	Qingdao, China	2024
ARISDE	International Workshop On Artificial Intelligence For Sustainable Development	Sozopol, Bulgaria	2024
ACM-EI/SCOPUS-SCDMC	International Conference On Soft Computing, Data Mining And Cybersecurity	Xiamen, China	2024
ACM-EI/SCOPUS-ARAEML	International Conference On Advanced Robotics, Automation Engineering And Machine Learning	Hangzhou, China	2024
ARISDE	International Workshop On Artificial Intelligence For Sustainable Development	Virtual event	2024
ICIC	International Conference On Intelligent Computing	Tianjin, China	2024
COCOON	International Computing And Combinatorics Conference	shanghai, China	2024
ICACR	The International Conference On Automation, Control And Robots	Xiangyang, China	2024
MLVIS	Machine Learning Methods In Visualisation For Big Data	Odense, Denmark	2024
ICCIA	International Conference On Computational Intelligence And Applications	Haikou, China	2024
AIME	International Conference Of Artificial Intelligence In Medicine	Salt Lake City, UT, USA	2024
ACMICDLT	International Conference On Deep Learning Technologies	Suzhou, China	2024
IEEEACIRS	The Asia-Pacific Conference On Intelligent Robot Systems	Dalian, China	2024
ACMICMLT	International Conference On Machine Learning Technologies	Oslo, Norway	2024
WCSE	The International Workshop On Computer Science And Engineering	Phuket Island, Thailand	2024
IWCFS	The International Workshop On Cyber-Security And Functional Safety In Cyber-Physical Systems	Naples, Italy	2024
AISYS	The International Workshop On Ai System Engineering: Math, Modelling And Software	Naples, Italy	2024
AABOH	Gecco Workshop: Analysing Algorithmic Behaviour Of Optimisation Heuristics	Melbourne (Hybrid)	2024
KES-IADSP	Kes -- Invited Session On Interdisciplinary Approaches In Data Science Practice	Seville	2024
KES-IADT	Kes -- Invited Session On Interdisciplinary Approaches In Digital Transformation	Seville	2024
JCICE	International Joint Conference On Information And Communication Engineering	Fuzhou, China	2024
LEAP-BH(@AIIH)	Leveraging Emerging Ai Paradigms In Biomedical Healthcare	Swansea, UK	2024
LEAP-BH	Leveraging Emerging Ai Paradigms In Biomedical Healthcare	Swansea, UK	2024
IEEEITSC	Ieee International Conference On Intelligent Transportation Systems	Edmonton, Canada	2024
IMSA,CHALLENGESOFINTELLIGENTSYSTEMS	Intelligent Methods, Systems, And Applicationsâ	Cairo, Egypt	2024
CIFER	Ieee Symposium On Computational Intelligence For Financial Engineering And Economics	Hoboken, New Jersey, USA	2024
EAAMO	Acm Conference On Equity And Access In Algorithms, Mechanisms, And Optimization	San Luis Potosi, Mexico	2024
AMRMT	International Conference On Advanced Materials Research And Manufacturing Technologies	Cape Town, South Africa	2024
OL2A	International Conference On Optimization, Learning Algorithms And Applications	Tenerife, Spain	2024
CAPETOWN-AMRMT	International Conference On Advanced Materials Research And Manufacturing Technologies	Cape Town, South Africa	2024
LEARNAUT	Learning And Automata	Tallinn, Estonia	2024
ICACTE	The International Conference On Advanced Computer Theory And Engineering	Hefei, Anhui, China	2024
ICAITE	The International Conference On Artificial Intelligence And Teacher Education	Beijing, China	2024
BDML--EI	International Conference On Big Data And Machine Learning	Xiamen, China	2024
ASSE	Asia Service Sciences And Software Engineering Conference	The University of Tokyo, Japan	2024
IEEELA-CCI	Ieee Latin America Conference On Computational Intelligence	Bogota, Columbia	2024
ACMICCMS	The International Conference On Computer Modeling And Simulation	Dalian, China	2024
ICAII--EI	The International Conference On Artificial Intelligence Innovation	Bangkok, Thailand	2024
MIET	International Conference On Machine Intelligence And Emerging Technologies	Noakhali, Bangladesh	2024
AEEGE	International Conference On Advanced Electronics, Electrical And Green Energy	Chengdu,  China	2024
ACMMLMI	The International Conference On Machine Learning And Machine Intelligence	Osaka, Japan	2024
MLPR	The International Conference On Machine Learning And Pattern Recognition	Osaka, Japan	2024
ECAI	European Conference On Artificial Intelligence	Santiago de Compostela, Spain	2024
ACMWSSE	The World Symposium On Software Engineering	Kyoto, Japan	2024
MHPC-IM	Minisymposium On High Performance Computing Interval Methods	Ostrava, Czechia	2024
CXAISI	Special Issue On Causal And Explainable Ai	Online	2024
WAML	Workshop On Applications Of Machine Learning And Artificial Intelligence In High-Performance Computing	Ostrava, Czech Republic	2024
EMSICC	International Workshop On Energy Management For Sustainable Internet-Of-Things And Cloud Computing	Vienna, Austria	2024
INFORMEDMLFORCOMPLEXDATA@ESANN	Informed Machine Learning For Complex Data Special Session At Esann	Bruges, Belgium	2024
ESANN	European Symposium On Artificial Neural Networks, Computational Intelligence And Machine Learning	Bruges, Belgium	2024
WSPML	International Workshop On Signal Processing And Machine Learning	Online	2024
CCAT--EI	The International Conference On Computer Application Technology	Wenzhou, China	2024
MDIS	International Conference On Modelling And Development Of Intelligent Systems	Sibiu, Romania	2024
ML-DE@ECAI	Machine Learning Meets Differential Equations: From Theory To Applications	ECAI, Santiago de Compostela, Spain	2024
ICDSA	International Conference On Data Science And Applications	MNIT Jaipur, India	2024
ICCNS	The International Conference On Intelligent Computing, Communication, Networking And Services	Dubrovnik, Croatia	2024
ACMICAAI	The International Conference On Advances In Artificial Intelligence	London, UK	2024
ACMCSAI	International Conference On Computer Science And Artificial Intelligence	Beijing, China	2024
ICMV	International Conference On Machine Vision	Edinburgh, UK	2024
IIWAS	The International Conference On Information Integration And Web Intelligence	Bratislava, Slovakia	2024
WMLQ	International Workshop On Machine Learning And Quantum Computing Applications In Medicine And Physics	Warsaw, Poland	2024
ICCPR	International Conference On Computing And Pattern Recognition	Tianjin, China	2024
TENCON	Ieee Region Conference	Singapore	2024
NYC-2024-NN	New York Annual Conference On Neural Networks	New York, USA	2024
ICONIP	International Conference On Neural Information Processing	Auckland, New Zealand	2024
FMLDS	International Conference On Future Machine Learning And Data Science	Sydney	2024
NYC-2024-DL	New York Annual Conference On Deep Learning	New York, USA	2024
NYC-2024-ML	New York Annual Conference On Machine Learning	New York, USA	2024
AITA	International Conference On Artificial Intelligence: Theory And Applications	IBS Bangalore, India	2024
IOTSMS	The International Conference On Internet Of Things: Systems, Management And Security	MalmÃÖ, Sweden	2024
DTMO	Digital Twins For Modeling And Optimization Of Manufacturing System Operation	Online	2024
PRICAI	The Pacific Rim International Conference On Artificial Intelligence	Clock Tower Centennial Hall Kyoto Univer	2024
DSAI	International Conference On Data Science And Artificial Intelligence	Medan, Indonesia	2024
IEEEICEBE	Ieee International Conference On E-Business Engineering	Fudan University, Shanghai, China	2024
NLPIR	International Conference On Natural Language Processing And Information Retrieval	Okayama, Japan	2024
ACML	Asian Conference On Machine Learning	Hanoi, Vietnam	2024
CIS	Congress On Intelligent Systems	Bengaluru, India	2024
CIIS	International Conference On Computational Intelligence And Intelligent Systems	Nagoya, Japan	2024
ISCMI	International Conference On Soft Computing & Machine Intelligence	Melbourne, Australia	2024
CRET--EI	International Conference On Control, Robotics Engineering And Technology	Milan, Italy	2024
ICDM	Ieee International Conference On Data Mining	Abu Dhabi, UAE	2024
AIAT--EI	International Conference On Artificial Intelligence And Application Technologies	Yokohama, Japan	2024
IEEEICCR	International Conference On Control And Robotics	Yokohama, Japan	2024
MLTEEF	Machine Learning Technologies On Energy Economics And Finance	Book Proposal	2024
ICMLA	International Conference On Machine Learning And Applications	Miami, Florida	2024
EAIH	Explainable Ai For Health	Online	2024
IEETEL	International Workshop On Interactive Environments And Emerging Technologies For Elearning	Paris, France	2024
IEEEICA	The Ieee International Conference On Agents	Adelaide, Australia	2022
DATAMOD	International Symposium Datamod From Data To Models And Back	Aveiro, Portugal	2024
LAJC	Latin-American Journal Of Computing	Online	2024
CSCT	Congress On Smart Computing Technologies	Sikkim, India	2024
MLIS	The International Conference On Machine Learning And Intelligent Systems	Universiti Tunku Abdul Rahman, Malaysia	2024
ITNG	The Int'L Conf, On Information Technology: New Generations Itng	Las Vegas	2024
IITUPC	Immunotherapy And Information Technology: Unleashing The Power Of Convergence	Online	2024
ACMICMAI	International Conference On Mathematics And Artificial Intelligence	Beijing, China	2024
IEEEICCAR	International Conference On Control, Automation And Robotics	Singapore	2024
IEEESMARTNETS	Ieee International Conference On Smart Applications, Communications And Networking	Harrisonburg/Washington DC	2024
ACMICCTA	International Conference On Computer Technology Applications	Vienna, Austria	2024
WCSA	International Workshop On Control Sciences And Automation	Singapore	2024
ICROM	The International Conference On Robotics And Mechatronics	Cape Town, South Africa	2024
CONECCT	Conference Of Opportunities For Networking, Excellence, Collaboration And Cooperation Among Technologists	J,N,Tata Auditorium, IISc,India	2024
UBISS	International Ubi Summer School	Oulu, Finland	2024
EFFECTIVEGRANTWRITINGUSINGAI	Invitation To Faculty Development Program Effective Grant Writing Strategies Using Ai	Online	2024
AISAFETY	Special Issue For The Journal Frontiers In Robotics And Ai On Ai Safety: Safety Critical Systems	Online	2024
SPRINGERISPR'2024	The International Conference On Intelligent Systems And Pattern Recognition	Istanbul, Turkey	2024
ICAISE	International Conference On Artificial Intelligence And Software Engineering	Singapore	2024
ISAI	The International Symposium On Ai	Chengdu, China	2024
SEA4DQ	International Workshop On Software Engineering And Ai For Data Quality	Porto de Galinhas, Brazil	2024
BIOINFOMED	Third International Symposium On Bioinformatics And Biomedicine	Burgas, Bulgaria	2024
MIPR	International Conference On Multimedia Information Processing And Retrieval	San Jose, CA, USA	2024
MIGARS	International Conference On Machine Intelligence For Geoanalytics And Remote Sensing	Wellington, New Zealand	2024
IJNLC	International Journal On Natural Language Computing - H Index -	Online	2024
AI	International Conference On Artificial Intelligence And Applications	London, United Kingdom	2024
SNLP	International Conference On Semantic & Natural Language Processing	Copenhagen, Denmark	2024
SIPIJ	Signal & Image Processing : An International Journal - Wjci Listed, H Index -	Online	2024
CIRSY	International Conference On Circuits And Systems	Copenhagen, Denmark	2024
AE	International Conference On Advances In Engineering	Copenhagen, Denmark	2024
IJCI	Call For Conference Proceedings - International Journal On Cybernetics & Informatics	Online	2024
MATHSJ	Applied Mathematics And Sciences: An International Journal	Online	2024
ACMBSCI	The Acm International Symposium On Blockchain And Secure Critical Infrastructure	Singapore	2024
MAVAS	International Conference Of Managing Value And Supply Chains	Toronto, Canada	2024
ECIJ	Electrical & Computer Engineering: An International Journal	Online	2024
ANANO	International Conference On Advanced Nanoscience And Technology	Virtual Conference	2024
ACII	Advanced Computational Intelligence: An International Journal	Online	2024
ASUC	International Conference On Ad Hoc, Sensor & Ubiquitous Computing	Vancouver, Canada	2024
IJFCST	International Journal On Foundations Of Computer Science & Technology	Online	2024
CRBL	International Conference On Cryptography And Blockchain	Chennai, India	2024
IJCCMS	International Journal Of Chaos, Control, Modelling And Simulation	Online	2024
CSIP	International Conference On Signal Processing	Copenhagen, Denmark	2024
ACSIT	International Conference Of Advanced Computer Science & Information Technology	Copenhagen, Denmark	2024
CSTY	International Conference On Computer Science And Information Technology	London, United Kingdom	2024
AI	International Conference On Artificial Intelligence And Applications	London, United Kingdom	2024
AIFU	International Conference On Artificial Intelligence And Applications	Zurich, Switzerland	2024
FCST	International Conference On Foundations Of Computer Science & Technology	Copenhagen, Denmark	2024
IRCE	International Conference On Intelligent Robotics And Control Engineering	Xi'an, China	2024
ISDFS	International Symposium On Digital Forensics And Security	San Antonio, TX, USA	2024
AIET	International Conference On Artificial Intelligence In Education Technology	Barcelona, Spain	2024
SPRINGERICTEM	International Conference On Teaching And Education Management	Barcelona, Spain	2024
IEISC	Industrial Electronics And Intelligent Systems Conference	Istanbul	2024
ICPRS	Ieee International Conference On Pattern Recognition Systems	London, UK	2024
SPIEIWPR	International Workshop On Pattern Recognition	Xiamen, China	2024
ACKIM	Asia Conference On Knowledge And Innovation Management	Bangkok, Thailand	2024
ICCRI	The International Conference On Control, Robotics And Informatics	Danang, Vietnam	2024
ICCRE	International Conference On Control And Robotics Engineering	Osaka University, Osaka, Japan	2024
IEEESEAI	Ieee International Conference On Software Engineering And Artificial Intelligence	Xiamen, China	2024
ACMLC--EI	Asia Conference On Machine Learning And Computing	Bangkok, Thailand	2024
ICEIEC	International Conference On Electronics Information And Emergency Communication	Beijing,China	2024
ICMIM	The International Conference On Materials And Intelligent Manufacturing	Inha University, Incheon, South Korea	2024
PRML	The International Conference On Pattern Recognition And Machine Learning	Chongqing, China	2024
MMCM@CVPR	Ieee Workshop On Multimodal Content Moderation	Seattle WA, USA	2024
SCAI	Scandinavian Conference On Ai	JÃÖnkÃÖping	2024
ACAIN	Advanced Course And Symposium On Artificial Intelligence And Neuroscience	Riva del Sole Resort & SPA - Tuscany	2024
REAL-INFO	Workshop On Reliable Evaluation Of Llms For Factual Information	Buffalo, NY, USA	2024
CSMO	International Conference On Simulation, Modeling And Optimization	Hong Kong	2024
HONGKONG-CSMO	International Conference On Simulation, Modeling And Optimization	Hong Kong	2024
SPRINGERAIVR	International Conference On Artificial Intelligence And Virtual Reality	Fukuoka, Japan	2024
MLSP	Multilingual Lexical Simplification Pipeline	Mexico City	2024
CONCEPTS	International Joint Conference On Conceptual Knowledge Structures	Cadiz, Spain	2024
I-SOCIETY	The International Conference On Information Society	Cambridge, UK	2024
IISA	International Conference On Information, Intelligence, Systems And Applications	Chania, Crete, Greece	2024
ICSTE	International Conference On Software Technology And Engineering	Macau, China	2024
SCOPUS-AIAAT	International Conference On Artificial Intelligence Applications And Technologies	Kuala Lumpur, Malaysia	2024
JARES	International Journal Of Advance Robotics & Expert Systems	Online	2024
ACMHPCCT	High Performance Computing And Cluster Technologies Conference	Beijing, China	2024
UMR	Umr Parsing Workshop	Boulder, Colorado	2024
PRIS	Hongkong | International Conference On Pattern Recognition And Intelligent Systems	Hongkong, China	2024
ABAW	Workshop And Competition On Affective Behavior Analysis In-The-Wild @ Ieee Cvpr	Seattle, USA	2024
HONGKONGPRIS	International Conference On Pattern Recognition And Intelligent Systems	Hongkong, China	2024
ECOJ	Ecology: An International Journal	Online	2024
ICFIT	International Conference On Frontiers Of Intelligent Technology	Macau, China	2024
ICRIT	International Conference On Robotics And Intelligent Technology	Macau, China	2024
ICKD--EI	International Conference On Knowledge Discovery	Macau S,A,R, China	2024
IAIL	Imaging The Ai Landscape After The Ai Act	MalmÃÖ, Sweden	2024
FSTJ	Food Science And Technology: An International Journal	Online	2024
AITC	International Artificial Intelligence Technology Conference	Qingdao, China	2024
REM	Ieee International Conference On Research And Education In Mechatronics	Dead Sea, Jordan	2024
SPML	International Conference On Signal Processing And Machine Learning	Qingdao, China	2024
CTISC	International Conference On Advances In Computer Technology, Information Science And Communications	Sanya, China	2024
CURIOUS	Future Insightâ,¢ Conference	Mainz, Germany (Rheingoldhalle) & online	2024
ICAC	The International Conference On Automation And Computing	Sunderland, UK	2024
HORIZON_ENFIELD	Open Call For Proposals_Researchers Mobility Program	Europe	2024
JDSAMSBE	International Journal Of Data Science And Analytics: Special Issue On Data Science And Ai In Marine Science And Blue Economy	Online	2023
ICSI	The Fifteenth International Conference On Swarm Intelligence	Xining, China	2024
IEEECOINS	Ieee International Conference On Omni-Layer Intelligent Systems	London, United Kingdom	2024
ACMICCCV	The International Conference On Control And Computer Vision	Tianjin, China	2024
MIDWESTCOGSCI	Midwest Cognitive Science Conference	Athens, Ohio, USA	2024
ICACR--EI	The International Conference On Automation, Control And Robots	Xiangyang, China	2024
C3AI	The International Conference On Computing, Communication, Cybersecurity & Ai	London, UK	2024
ICCSM	International Conference On Computer, Software And Modeling	Paris, France	2024
IEEECCAI	Ieee The International Conference On Computer Communication And Artificial Intelligence	Xidian University, Xi'an, China	2024
ACMICHMI	International Conference On HumanâMachine Interaction	Xi'an, China	2024
BDEE--EI	The International Conference On Big Data Engineering And Education	Chiangmai, Thailand	2024
WCSE--EI	The International Workshop On Computer Science And Engineering	Phuket Island, Thailand	2024
ICMIMT	International Conference On Mechanical And Intelligent Manufacturing Technologies	Cape Town, South Africa	2024
ICCIA--EI	International Conference On Computational Intelligence And Applications	Haikou, China	2024
IEEEICMAE	International Conference On Mechanical And Aerospace Engineering	Zagreb, Croatia	2024
IEEEICOIAS	The International Conference On Intelligent Autonomous Systems	Dalian, Liaoning, China	2024
ISDEA	International Conference On Intelligent Systems Design And Engineering Applications	Tottori, Japan	2024
NLPAICS	First International Conference On Natural Language Processing And Artificial Intelligence For Cyber Security	Lancaster, United Kingdom	2024
PPSN	International Conference On Parallel Problem Solving From Nature	Hagenberg, Austria	2024
SNPD	Acis International Summer Conference On Software Engineering, Artificial Intelligence, Networking And Parallel/Distributed Computing	Beijing, China	2024
ICDD	International Conference On Applied Informatics Imagination, Creativity, Design, Development	Sibiu, Romania	2024
IEEESMC	Ieee International Conference On Systems, Man, And Cybernetics	Kuching, Sarawak, Malaysia	2024
SIUSAI	International Symposium On Intelligent Unmanned Systems And Artificial Intelligence	Qingdao, China	2024
IEEEWSAI	The World Symposium On Artificial Intelligence	Guangzhou, China	2024
ICVR	The International Conference On Virtual Reality	Bournemouth, United Kingdom	2024
ACMICSED	International Conference On Software Engineering And Development	Hong Kong	2024
IEEEICTLE	International Conference On Traffic And Logistic Engineering	Macau, China	2024
HUMAD	[Scopus] [Acm] International Workshop On Human-Centered Modeling And Adaptation For Digital Transformation	Cagliari, Italy; also online	2024
IEEEICWOC	International Conference On Intelligent Computing And Wireless Optical Communications	Chongqing, China	2024
HP3C	International Conference On High Performance Compilation, Computing And Communications	Guangzhou, China	2024
AIIH	Artificial Intelligence In Healthcare	Swansea	2024
NIDS	International Conference On Novel And Intelligent Digital Systems	Athens, Greece (both in-person and onli)	2024
IEEEISNCC	International Symposium On Networks, Computers And Communications	Washington DC	2024
EAMT	The Annual Conference Of The European Association For Machine Translation	Sheffield, UK	2024
BELIEF	The International Conference On Belief Functions	Belfast, Ulster University, Northern Ire	2024
XRSALENTO	International Conference On Extended Reality	Lecce, Italy	2024
IEEEESAS	Ieee Esas The International Workshop On E-Health Systems & Web Technologies	Osaka, Japan	2024
ICRAS	International Conference On Robotics And Automation Sciences	Tokyo,Japan	2024
AAAC--EI	The Asian Aerospace And Astronautics Conference	Nanjing, China	2024
RSAE	The International Conference On Robotics Systems And Automation Engineering	Tokyo,Japan	2024
MSBW	International Mammalian Synthetic Biology Workshop	Boston, MA	2024
SCA	Smart City Asia	Saigon Exhibition and Convention Center	2024
ACMASSE	Asia Service Sciences And Software Engineering Conference	The University of Tokyo, Japan	2024
ACMAIPR	International Conference On Artificial Intelligence And Pattern Recognition	Xiamen, China	2024
SIONATD&ISIII	Special Issue On Advanced Technologies In Data And Information Security Iii, Applied Sciences, Mdpi	Online	2024
ICAII	The International Conference On Artificial Intelligence Innovation	Bangkok, Thailand	2024
ICRSA	The International Conference On Robot Systems And Applications	Bangkok, Thailand	2024
IEEEICACTE	The International Conference On Advanced Computer Theory And Engineering	Hefei, Anhui, China	2024
ICCX	Cfp: 'The Human And The Machine: Ai And The Changing World'	Online	2024
ICRCV	International Conference On Robotics And Computer Vision	Wuxi, China	2024
IPAI	International Conference On Image Processing And Artificial Intelligence	Paris, France	2024
MEVE--EI	International Conference On Mechanical Engineering And Vehicle Engineering	Wuxi, China	2024
INISTA	The International Symposium On Innovation In Intelligent Systems And Applciations	Craiova, Romania	2024
IT-TAGE	It-Tage - It-Konferenz Fã¼R Software-Entwicklung, -Architektur, Ki, Datenbanken, Devops, Agile Und Management	Frankfurt am Main	2024
ICITES	International Conference On Intelligent Technology And Embedded Systems	Chengdu, China	2024
SBDSUMMERSCHOOL	Sobigdata Ri Summer School Empowering Data For Social Good	Baratti - Tuscany, Italy	2024
RTIP2R	International Conference On Recent Trends In Image Processing And Pattern Recognition	Bhopal, India	2024
KONVENS	Konferenz Zur Verarbeitung Natã¼Rlicher Sprache / Conference On Natural Language Processing	Vienna	2024
VRIP	International Conference On Virtual Reality And Image Processing	Macao, China	2024
DITTET		Virtually	2024
ICMRA	International Conference On Mechatronics, Robotics And Automation	Wuhan, China	2024
IEEEICCS	Ieee International Conference On Computer Systems	Hangzhou, China	2024
AICCSA	The Acs/Ieee International Conference On Computer Systems And Applications	Sousse, Tunisia	2024
IWBBIO	International Work-Conference On Bioinformatics And Biomedical Engineering	Gran Canaria, Spain	2024
ITISE	International Conference On Time Series And Forecasting	Gran Canaria, Spain	2024
ICDMA	International Conference On Digital Manufacturing And Automation	Changchun, Jilin Province, China	2024
CNCIT	International Conference On Networks, Communications And Information Technology	Xi'an, China	2024
PRO-VE	[Pro-Ve France] Navigating Unpredictability: Collaborative Networks In Non-Linear Worlds	Albi (France)	2024
TECHDEV--EI	International Conference On Computer Technologies And Development	Huddersfield, UK	2024
CCAT	The International Conference On Computer Application Technology	Wenzhou, China	2024
AGRIAI	Ieee Artificial Intelligence In Agriculture	Belgrade, Serbia	2024
ICCMA--EI	The International Conference On Control, Mechatronics And Automation	Brunel University London, UK	2024
ENO-CANCOA	Xviii National Meeting On Optics And The Ix Andean And Caribbean Conference On Optics And Its Applications	Cartagena, Colombia	2024
CIBB	Computational Intelligence Methods For Bioinformatics And Biostatistics	Benevento - Italy	2024
ICAAI	The International Conference On Advances In Artificial Intelligence	London, UK	2024
EAIT	The International Conference On Education And Artificial Intelligence Technologies	London, UK	2024
AIMSA	International Conference On Artificial Intelligence: Methodology, Systems, Applications Aimsa	Golden Sands, Varna, Bulgaria	2024
MEAE	The Asia Conference On Mechanical Engineering And Aerospace Engineering	Taicang, China	2024
IEEESRSE	The International Conference On System Reliability And Safety Engineering	Hangzhou, Zhejiang, China	2024
IEEEWAIE	International Workshop On Artificial Intelligence And Education	Tokyo, Japan	2024
IBERAMIA	Ibero-American Conference On Artificial Intelligence	Montevideo, Uruguay	2024
FLLM	The International Conference On Foundation And Large Language Models	Dubai, UAE	2024
ICCSSE	International Conference On Control Science And Systems Engineering	Beijing, China	2024
ICPM	International Conference On Process Mining	Copenhagen, Denmark	2024
WCCS	First Cfp : Call For Papers At November To In Casablanca, Morocco	Casablanca, Morocco	2024
I3E	Ifip Conference E-Business, E-Services, And E-Society	Heerlen, the Netherlands	2024
ICSESS	International Conference On Software Engineering And Service Science	China	2024
TAL-ALD	Special Issue Of The Journal Traitement Automatique Des Langues	Online	2024
NYC-2024-AI	New York Annual Conference On Artificial Intelligence	New York, USA	2024
AICC	Ai For Cognitive Computing	Online	2024
CIARP	Iberoamerican Congress On Pattern Recognition	Talca, Chile	2024
IOTSMS	The International Conference On Internet Of Things: Systems, Management And Security	Malmo, Sweden	2024
NCTA	International Conference On Neural Computation	Porto, Portugal	2024
IEEERCAE	The International Conference On Robotics, Control And Automation Engineering	Wuhu, China	2024
IEEEICITE	Ieee The International Conference On Intelligent Transportation Engineering	Xi'an, China	2024
CPSAIPE	International Conference On Artificial Intelligence And Power Engineering	Sendai, Japan	2024
SMARTSTEM	National Conference Smart Stem Education And Innovations	Sofia, Bulgaria	2024
IEEEICAIGE	Ieee International Conference On Artificial Intelligence & Green Energy	Yasmine Hammamet, Tunisia	2024
JCRAI	International Joint Conference On Robotics And Artificial Intelligence	Shanghai, China	2024
ACMNLPIR	International Conference On Natural Language Processing And Information Retrieval	Okayama, Japan	2024
MMRCE	International Conference On Mechanical Manufacturing, Robotics And Control Engineering	Chongqing, China	2024
DS	Discovery Science	Pisa, Italy	2024
IGIGLOBALBOOKCHAPTER	Future Of Digital Technology And Ai In Social Sectors	USA	2024
SUM	International Conference On Scalable Uncertainty Management	Palermo, Italy	2024
ISCMI	International Conference On Soft Computing And Machine Intelligence	Melbourne, Australia	2024
LSGDA	The International Workshop Onâ Large-Scale Graph Data Analytics	Guangzhou, China	2024
ACMCIIS	International Conference On Computational Intelligence And Intelligent Systems	Nagoya, Japan	2024
MIWAI	Multi-Disciplinary International Conference On Artificial Intelligence	Pattaya City, Thailand	2024
SPECOM	International Conference On Speech And Computer	Belgrade, Serbia	2024
AIKE	Ieee International Conference On Artificial Intelligence And Knowledge Engineering	Laguna Hills, California, USA	2024
COMPAUTO	International Conference On Computers And Automation	Milan, Italy	2024
CRET	International Conference On Control, Robotics Engineering And Technology	Milan, Italy	2024
IEEECRC	International Conference On Control, Robotics And Cybernetics	Penang, Malaysia	2024
EKAW	The International Conference On Knowledge Engineering And Knowledge Management	Amsterdam, Netherlands	2024
CCVPR	International Joint Conference On Computer Vision And Pattern Recognition	Shanghai, China	2024
ACMAICCC	Artificial Intelligence And Cloud Computing Conference	Waseda University in Tokyo, Japan	2024
AIAT	International Conference On Artificial Intelligence And Application Technologies	Yokohama, Japan	2024
ICCR	International Conference On Control And Robotics	Yokohama, Japan	2024
WI-IAT	Ieee/Wic International Conference On Web Intelligence And Intelligent Agent Technology	Bangkok, Thailand	2024
SPRINGERCMAME	The International Conference On Mechanical, Automotive And Materials Engineering	Bangkok, Thailand	2024
PMAE	The International Conference On Progress In Mechanical And Aerospace Engineering	Bangkok, Thailand	2024
EAICI	Explainable Ai For Cancer Imaging	Online	2024
ICMERR	The International Conference On Mechanical Engineering And Robotics Research	Barcelona, Spain	2025
UCC	The Ieee/Acm International Conference On Utility And Cloud Computing	Sharjah, UAE	2024
ICCIS	International Conference On Communication And Intelligent Systems	MANIT Bhopal India	2024
INCIT	The International Conference On Information Technology	Thailand	2024
NLESPECIALISSUE	Natural Language Engineering- Special Issue On Nlp Approaches For Computational Analysis Of Social Media Texts For Online Well-Being And Social Order	Online	2024
CROSSMED	International Conference Landscapes Across The Mediterranean	Reggio Calabria (Italy)	2024
SOICT	The International Symposium On Information And Communication Technology	Danang, Vietnam	2024
WVC	Xix - Workshop On Computer Vision	Rio ParanaÃ­ba - MG - Brazil	2024
ISCAI	International Symposium On Computing And Artificial Intelligence	Dali, China	2024
IEEE-JBHI(SI)	Special Issue On Revolutionizing Healthcare Informatics With Generative Ai: Innovations And Implications	Online	2024
CPAIOR	International Conference On The Integration Of Constraint Programming, Artificial Intelligence, And Operations Research	Uppsala, Sweden	2024
DEPLING	International Conference On Dependency Linguistics	Washington D,C,, USA	2023
