acronym	name	where
IJWMN 2024	International Journal of Wireless & Mobile Networks -- ERA, WJCI Indexed, H index 33	Online
ICISPP--Ei 2024	2024 5th International Conference on Information Security and Privacy Protection (ICISPP 2024)	Nanjing, China
ABB 2024	The 5th Joint International Conference on AI, Big Data and Blockchain (ABB 2024)	Vienna
FiCloud 2024	The 11th International Conference on Future Internet of Things and Cloud	Vienna
BCCA  2024	The Sixth International Conference on Blockchain Computing and Applications	Dubai, UAE
IEEE ICCCBDA 2024	IEEE--2024 the 9th International Conference on Cloud Computing and Big Data Analytics (ICCCBDA 2024)	Chengdu, China
ICINT 2024	2024 9th International Conference on Information and Network Technologies (ICINT 2024)	Tokyo, Japan
Cybermatics 2024	2024 IEEE Cybermatics Congress	Copenhagen, Denmark
CSP 2024	IEEE--2024 8th International Conference on Cryptography, Security and Privacy (CSP 2024)	Osaka, Japan
SmartData 2024	10th IEEE International Conference on Smart Data	Copenhagen, Denmark
SPM 2024	11th International Conference on Signal, Image Processing and Multimedia	London, United Kingdom
BIOENG 2024	8th International Conference on Bioscience & Engineering	Virtual Conference
DMSE  2024	5th International Conference on Data Mining and Software Engineering	London, United Kingdom
CLOUD 2024	13th International Conference on Cloud Computing: Services and Architecture	Zurich, Switzerland
AIMLNET 2024	4th International conference on AI, Machine Learning in Communications and Networks	London, United Kingdom
BIoT 2024	5th International Conference on Block chain and Internet of Things	Zurich, Switzerland
BIOM 2024	4th International Conference on Big Data, IoT and Machine Learning	Chennai, India
CE 2024	8th International Conference on Civil Engineering	Copenhagen, Denmark
EDUIT 2024	2nd International Conference on Education & Information Technology	Copenhagen, Denmark
DSCC 2024	5th International Conference on Data Science and Cloud Computing	Dubai, UAE
CMLA 2024	6th International Conference on Machine Learning & Applications	London, United Kingdom
IJDMS 2024	International Journal of Database Management Systems - WJCI Indexed	Online
IJMA 2024	International Journal of Multimedia & Its Applications -- ERA Indexed	Online
CYBI 2024	11th International Conference on Cybernetics & Informatics	Melbourne, Australia
DKMP  2024	12th Conference on Data Mining & Knowledge Management Process	Zurich, Switzerland
IPDCA 2024	13th International conference on Parallel, Distributed Computing and Applications	Sydney, Australia
NLCAI 2024	5th International Conference on Natural Language Computing and AI	Zurich, Switzerland
CAMSE 2024	International Conference on Advances in Materials Science and Engineering	Virtual Conference
CSIT 2024	11th International Conference on Computer Science and Information Technology	Sydney, Australia
IJCSEIT 2024	International Journal of Computer Science, Engineering and Information Technology	Online
SESBC 2024	5th International Conference on Software Engineering, Security and Blockchain	Dubai, UAE
IJAIT 2024	International Journal of Advanced Information Technology	Online
CoSIT 2024	11th International Conference on Computer Science and Information Technology	Melbourne, Australia
BDAP 2024	International Conference on Big Data and Applications	Sydney, Australia
WiMoNe  2024	16th International Conference on Wireless & Mobile Networks	London, United Kingdom
IJCSITCE 2024	The International Journal of Computational Science, Information Technology and Control Engineering	Online
NLPD 2024	5th International Conference on NLP & Big Data	London, United Kingdom
NLDM 2024	International Conference on NLP & Data Mining	Chennai, India
VLSIA 2024	10th International Conference on VLSI and Applications	Copenhagen, Denmark
CDKP 2024	13th International Conference on Data Mining & Knowledge Management Process	Vancouver, Canada
NLPD  2024	5th International Conference on NLP & Big Data	London, United Kingdom
AIS 2024	10th International Conference on Artificial Intelligence and Soft Computing	Sydney, Australia
AdNLP  2024	5th International conference on Advanced Natural Language Processing	Vancouver, Canada
MSE  2024	8th International Conference on Materials Science and Engineering	Virtual Conference
CBDA 2024	5th International Conference on Big Data	Melbourne, Australia
CoNeCo 2024	16th International Conference on Computer Networks & Communications	Copenhagen, Denmark
SIP 2024	13th International Conference on Signal & Image Processing	Dubai, UAE
NCO 2024	10th International Conference on Networks and Communications	Vancouver, Canada
AVC 2024	Advances in Vision Computing: An International Journal	Online
BDML 2024	5th International Conference on Big Data and Machine Learning	Zurich, Switzerland
IJWSC 2024	International Journal on Web Service Computing	Online
CBW 2024	5th International Conference on Cloud, Big Data and Web Services	Vancouver, Canada
IJP2P 2024	International Journal of Peer-to-Peer networks	Online
IJACEEE 2024	International Journal of Applied Control, Electrical and Electronics Engineering	Online
IJITMC 2024	The International Journal of Information Technology, Modeling and Computing	Online
ICISDM--EI 2024	2024 8th International Conference on Information System and Data Mining (ICISDM 2024)	Los Angeles, CA, USA
CEIJ 2024	Chemical Engineering: An International Journal	Online
ICBET 2024	ACM--2024 14th International Conference on Biomedical Engineering and Technology (ICBET 2024)	Seoul, South Korea
ECTIJ 2024	Economics, Commerce and Trade Management: An International Journal	Online
BDAI 2024	IEEE--2024 7th International Conference on Big Data and Artificial Intelligence (BDAI 2024)	Beijing, China
ACM ICCBDC 2024	ACM--2024 8th International Conference on Cloud and Big Data Computing (ICCBDC 2024)	Oxford, United Kingdom
LSIJ 2024	Life Sciences: an International Journal	Online
ICBDC--Ei 2024	2024 9th International Conference on Big Data and Computing (ICBDC 2024)	Bangkok, Thailand
ICIIP--Scopus 2024	2024 13th International Conference on Intelligent Information Processing (ICIIP 2024)	Oxford, United Kingdom
ITIOT 2024	2024 8th International Conference on Information Technology and Internet of Things (ITIOT 2024)	London, UK
ADEIJ 2024	Advances in Engineering: an International Journal	Online
ICIKM 2024	2024 13th International Conference on Innovation, Knowledge, and Management (ICIKM 2024)	Rome, Italy
ACM-Ei/Scopus-CNIOT 2024	2024 5th International Conference on Computing, Networks and Internet of Things (CNIOT 2024) -EI Compendex	Tokyo, Japan
IEEE COINS  2024	IEEE COINS 2024 - London, UK - July 29-31 - Hybrid (In-Person & Virtual)	Hybrid Event
ACM-Ei/Scopus-CWCBD 2024	2024 5th International Conference on Wireless Communication and Big Data (CWCBD 2024)  -EI Compendex	Tokyo, Japan
BCD 2024-Summer 2024	9th ACIS International Summer Conference on Big Data, Cloud Computing, and Data Science	Kitakyushu, Fukuoka, Japan
DATA 2024	13th International Conference on Data Science, Technology and Applications	Dijon, France
IEEE ICAIBD 2024	IEEE--2024 The 7th International Conference on Artificial Intelligence and Big Data (ICAIBD 2024)	Chengdu, China
ACM BDE 2024	ACM--2024 6th International Conference on Big Data Engineering (BDE 2024)	Xining, China
ICITS--EI 2024	2024 The 12th International Conference on Information Technology and Science (ICITS 2024)	Phuket Island, Thailand
AIBT 2024	2024 The 3rd International Conference on Artificial Intelligence and Blockchain Technology (AIBT 2024)	Beijing, China
BDEE 2024	2024 The 4th International Conference on Big Data Engineering and Education (BDEE 2024)	Chiangmai, Thailand
IEEE IMC  2024	The 12th IEEE International Conference on Intelligent Mobile Computing	Sanghai,China
DaWaK 2024	26th International Conference on Big Data Analytics and Knowledge Discovery	Naples, Italy
ICCFI 2024	2024 The 8th International Conference on Communications and Future Internet (ICCFI 2024)	Kagoshima, Japan
IMMS 2024	ACM--2024 the 7th International Conference on Information Management and Management Science (IMMS 2024)	Beijing, China
ACM BDSIC 2024	ACM--2024 6th International Conference on Big-data Service and Intelligent Computation (BDSIC 2024)	Hong Kong
BECS 2024	4th International Workshop on Big data driven Edge Cloud Services	Tampere, Finland
BIOTC 2024	ACM--2024 6th Blockchain and Internet of Things Conference (BIOTC 2024)	Fukuoka, Japan
AIBC 2024	2024 5th International Artificial Intelligence and Blockchain Conference (AIBC 2024)	The University of Tokyo, Japan
BDML 2024	2024 7th International Conference on Big Data and Machine Learning (BDML 2024)	Xiamen, China
ICITT 2024	2024 8th International Conference on Intelligent Traffic and Transportation (ICITT 2024)	Florence, Italy
ICMIS 2024	2024 2nd International Conference on Management Information System (ICMIS 2024)	Tokyo, Japan
ICBDE 2024	2024 The 7th International Conference on Big Data and Education (ICBDE 2024)	Oxford, UK
Call for Chapters  - CRC Press 2024	Internet of Things: Challenges and Advances	Book by Qusay F, Hassan - CRC Press/USA
ACM BDCI 2024	ACM--2024 The 4th International Conference on Big Data and Computational Intelligence (BDCI 2024)	Kyoto, Japan
ACM BDIOT 2024	ACM--2024 8th International Conference on Big Data and Internet of Things (BDIOT 2024)	Macao, China
SoCAV 2024	2024 International Symposium on Connected and Autonomous Vehicles (SoCAV 2024)	Virtually
WBDC  2024	2024 International Conference on Big Data and Computing	online
ACM ICBDT 2024	ACM--2024 7th International Conference on Big Data Technologies (ICBDT 2024)	Hangzhou, China
ICCDA 2024	2024 The 8th International Conference on Computing and Data Analysis (ICCDA 2024)	Wenzhou, China
BDMO--EI 2024	2024 3rd International Conference on Big Data Modeling and Optimization (BDMO 2024)	Huddersfield, UK
IDSTA 2024	The International Conference on Intelligent Data Science Technologies and Applications	Dubrovnik, Croatia
ADBIS 2024	28th European Conference on Advances in Databases and Information Systems	Bayonne, France
ACM ICICM 2024	ACM--2024 The 14th International Conference on Information Communication and Management (ICICM 2024)	France, Paris
IDEAS  2024	The 28th International Database Engineered Applications Symposium	Bayonne
CECCC 2024	IEEE--2024 6th International Communication Engineering and Cloud Computing Conference (CECCC 2024)	Chengdu, China
NYC-2024-BD 2024	New York Annual Conference on Big Data 2024	New York, USA
ITADATA 2024	The 3rd Italian Conference on Big Data and Data Science	Pisa, Italy
ICoSR 2024	2024 3rd International Conference on Service Robotics	Hangzhou, China
ACM ICIT 2024	ACM--2024 The 12th International Conference on Information Technology: IoT and Smart City (ICIT 2024)	Kuala Lumpur, Malaysia
ACM ICBTA 2024	ACM--2024 7th International Conference on Blockchain Technology and Applications (ICBTA 2024)	Xi'an, China
ICBDM 2024	2024 5th International Conference on Big Data in Management (ICBDM 2024)	Chiang Mai, Thailand
ACM ICISE 2024	ACM--2024 9th International Conference on Information Systems Engineering (ICISE 2024)	Chiang Mai, Thailand
CDMA 2024	8th International Conference on Data Science and Machine Learning	Riyadh, Saudi Arabia
ICDICI 2024	5th International Conference on Data Intelligence and Cognitive Informatics	Tirunelveli, Tamil Nadu, India
BDCAT 2024	IEEE/ACM Intâl Conf, on Big Data Computing, Applications, and Technologies	Sharjah, UAE
MEDES 2024	The 16th International Conference on Management of Digital EcoSystems	Naples
ICBICC 2024	2024 International Conference on Big Data, IoT, and Cloud Computing (ICBICC 2024)	Xishuangbanna, China
DSIT 2024	7th International Conference on Data Science and Information Technology	Nanjing, China
WiCV @ CVPR 2024	12th Women in Computer Vision workshop at CVPR 2024	Seattle, USA
DL for Neuro-heuristic Brain Analysis 2024	Workshop on Deep Learning for Neuro-heuristic Brain Analysis @ ICANN'24	Lugano, Switzerland
MDAI 2024	21st International Conference on Modeling Decisions for Artificial Intelligence	Tokyo, Japan
KES 2024	28th International Conference on Knowledge-Based and Intelligent Information and Engineering Systems	Seville, Spain
ICAISE--EI 2024	2024 3rd International Conference on Artificial Intelligence and Software Engineering (ICAISE 2024)	Singapore
AVSS 2024	20th IEEE International Conference on Advanced Video and Signal-Based Surveillance	Niagara Falls, Canada
CFP-CIPCV-EI/SCOPUS 2024	2024 2nd International Conference On Intelligent Perception And Computer Vision	Xiamen, China
FLAWR 2024	Federated Learning Applications in the Real World	Xanthi, Greece
ISIPA 2024	2024 International Symposium on Image Processing and Analysis	Xiamen, China
ICANN 2024	33rd International Conference on Artificial Neural Networks	Lugano-Viganello, Switzerland
ISPR 2024	4th International Conference on Intelligent Systems and Pattern Recognition	Istanbul, Turkey
COPA 2024	13th Symposium on Conformal and Probabilistic Prediction with Applications	Milan, Italy
GRAPH-HOC 2024	16th International Conference on Applications of Graph Theory in Wireless Ad hoc Networks and Sensor Networks	London, United Kingdom
IJCIS 2024	International Journal on Cryptography and Information Security	Online
SOENG  2024	10th International Conference on Software Engineering	Sydney, Australia
NeTCoM 2024	16th International Conference on Networks & Communications	London, United Kingdom
SAIM 2024	5th International Conference on Soft Computing, Artificial Intelligence and Machine Learning	Copenhagen, Denmark
SIPM 2024	12th International Conference on Signal Image Processing and Multimedia	Copenhagen, Denmark
DMML 2024	5th International Conference on Data Mining & Machine Learning	Sydney, Australia
IJCGA 2024	International Journal of Computer Graphics & Animation	Online
MEC 2024	8th International Conference on Trends in Mechanical Engineering	Virtual Conference
SCOM 2024	12th International Conference on Soft Computing	Dubai, UAE
IJME 2024	International Journal of Microelectronics Engineering	Online
ICAITA 2024	13th International Conference on Advanced Information Technologies and Applications	Vancouver, Canada
SPTM 2024	12th International Conference of Security, Privacy and Trust Management	Sydney, Australia
ArIT  2024	5th International Conference on Advances in Artificial Intelligence Techniques	London, United Kingdom
SAI 2024	13th International Conference on Soft Computing, Artificial Intelligence and Applications	Vancouver, Canada
DMA 2024	10th International Conference on Data Mining and Applications	Melbourne, Australia
IJMPICT 2024	International Journal of Managing Public Sector Information and Communication Technologies	Online
CIOS 2024	2nd International Conference on Cloud, IoT and Security	Virtual Conference
IJDPS 2024	International Journal of Distributed and Parallel systems	Online
BINLP 2024	4th International Conference on Big Data, IOT & NLP	London, United Kingdom
MLBriefs 2024	4th IPOL â MLBriefs workshop of Reproducible Research	Gif-sur-Yvette (Paris suburbs), France
CSEIJ 2024	Call for Conference Proceedings - Computer Science & Engineering: An International Journal	Online
CSEIT 2024	11th International Conference on Computer Science, Engineering and Information Technology	London, United Kingdom
CSEAI 2024	2nd International Conference on Computer Science, Engineering and Artificial Intelligence	Virtual Conference
SOFTFM 2024	3rd International Conference on Software Engineering Advances and Formal Methods	Chennai, India
IJAIA 2024	International Journal of Artificial Intelligence & Applications - H Index - 36	Online
AIAPP 2024	11th International Conference on Artificial Intelligence and Applications	Melbourne, Australia
IPPR 2024	10th International Conference on Image Processing and Pattern Recognition	Sydney, Australia
SCDD 2024	International Conference on Soft Computing, Data mining and Data Science	Virtual Conference
COMIT 2024	https://comit2024,org/	Chennai, India
HAS  2024	International Conference on Humanities, Art and Social Studies	Virtual Conference
CHENG  2024	International Conference on Advances in Chemistry & Chemical Engineering	Virtual Conference
IJCSA 2024	International Journal on Computational Science & Applications	Online
NSEC 2024	8th International Conference on Networks and Security	Copenhagen, Denmark
AI & FL 2024	3rd International Conference of Multidisciplinary & Interdisciplinary Bioscience	Dubai, UAE
CIoT 2024	6th International Conference on Internet of Things	London, United Kingdom
NLPTT 2024	5th International Conference on NLP Trends & Technologies	Dubai, UAE
IJITCS 2024	International Journal of Information Technology Convergence and services	Online
BIOEJ 2024	Bioscience & Engineering: An International Journal	Online
ITCA  2024	12th International Conference of Information Technology, Control and Automation	Copenhagen, Denmark
AISO 2024	10th International Conference on Artificial Intelligence and Soft Computing	Chennai, India
MLAIJ 2024	Machine Learning and Applications: An International Journal	Online
IJANS 2024	International Journal on AdHoc Networking Systems	Online
CACIT 2024	4th International Conference on Advances in Computing & Information Technologies	Copenhagen, Denmark
NMOCT 2024	10th International Conference on Networks, Mobile Communications and Telematics	Toronto, Canada
IJCSIT 2024	International Journal of Computer Science and Information Technology - h-index 56	Online
BIOS 2024	10th International Conference on Bioinformatics & Biosciences	Toronto, Canada
NLPML 2024	5th International Conference on Natural Language Processing and Machine Learning	Melbourne, Australia
SIGL 2024	11th International Conference on Signal and Image Processing	Melbourne, Australia
SIPRO 2024	10th International Conference on Signal and Image Processing	Zurich, Switzerland
ANTJ 2024	Advanced Nanoscience and Technology: An International Journal	Online
CSIJ 2024	Circuits and Systems: An International Journal (CSIJ)	Online
CSE 2024	12th International Conference on Computational Science and Engineering	Dubai, UAE
MLT 2024	5th International Conference on Machine Learning & Trends	Vancouver, Canada
IJCSES 2024	International Journal of Computer Science and Engineering Survey	Online
AMLA  2024	5th International Conference on Advanced Machine Learning	Sydney, Australia
HIIJ 2024	Health Informatics: An International Journal	Online
MAI 2024	CVPR 2024 Mobile AI workshop and challenges	Seattle, US
IJSC 2024	International Journal on Soft Computing	Online
MEIJ 2024	Mechanical Engineering: An International Journal	Online
ELELIJ 2024	Electrical and Electronics Engineering:  An International Journal	Online
IJRAP 2024	International Journal of Recent advances in Physics	Online
EEIEJ 2024	Emerging Trends in Electrical, Electronics & Instrumentation Engineering: An international Journal	Online
AMS 2024	Advanced Medical Sciences: An International Journal	Online
IJSCAI 2024	International Journal on Soft Computing, Artificial Intelligence and Applications	Online
NTIRE 2024	CVPR 2024 New Trends in Image Restoration and Enhancement workshop and challenges	Seattle, US
NLPAI 2024	2024 5th International Conference on Natural Language Processing and Artificial Intelligence (NLPAI 2024)	Chongqing, China
ACMLC 2024	2024 6th Asia Conference on Machine Learning and Computing (ACMLC 2024)	Bangkok, Thailand
PRML--EI 2024	2024 the 5th International Conference on Pattern Recognition and Machine Learning (PRML 2024)	Chongqing, China
ICSCT 2024	2024 13th International Conference on Software and Computing Technologies (ICSCT 2024)	Danang, Vietnam
IWPR 2024	SPIE--2024 9th International Workshop on Pattern Recognition (IWPR 2024)	Xiamen, China
Human-Centred XAI 2024	Enhancing AI Acceptability for Healthcare (IEEE ICHI Workshop)	Orlando, Florida, USA (and Online)
ECML-PKDD 2024	European Conference on Machine Learning and Principles and Practice of Knowledge Discovery in Databases	Vilnius, Lithuania
CVMI@CVPR 2024	9th IEEE Workshop on Computer Vision for Microscopy Image Analysis (CVMI) @ CVPR 2024	Seattle WA, USA
TAA - LMHCU 2024	Towards an Automated Art? Learning Machines, Human Creativity and Uncertainty	Lisbon, Portugal
ACDL 2024	7th Advanced Course on Data Science & Machine Learning	Tuscany, Italy
FL@FM-ICME 2024	International Workshop on Federated Learning and Foundation Models for Multi-Media	Niagara Falls, ON, Canada
IEEE PRAI 2024	IEEE--2024 the 7th International Conference on Pattern Recognition and Artificial Intelligence (PRAI 2024)	Hangzhou, China
ICIEM 2024	5th International Conference on Intelligent Engineering and Management	London, United Kingdom
PCEIoT 2024	4th Workshop on Privacy in the Cloud/Edge/IoT World 2024	Hanoi (Vietnam) and Online (Virtual)
MLANN  2024	2024 2nd Asia Conference on Machine Learning, Algorithms and Neural Networks (MLANN 2024)	Xiamen, China
CVIPPR 2024	2024 2nd Asia Conference on Computer Vision, Image Processing and Pattern Recognition	Xiamen, China
FAIML  2024	2024 3rd International Conference on Frontiers of Artificial Intelligence and Machine Learning	Chongqing, China
AITIJ 2024	Advances in Interconnect Technologies: An International Journal	Online
JPS 2024	Journal of Political Science (JPS)	Online
ICFIT--ESCI 2024	2024 13th International Conference on Frontiers of Intelligent Technology (ICFIT 2024)--ESCI	Macau, China
IJAD 2024	International Journal of Advanced Dermatology	Online
AEROIJ 2024	Aerospace Engineering: An International Journal	Online
JEDT 2024	International Journal of Electronic Design and Test	Online
AIAAT 2024	2024 7th International Conference on Artificial Intelligence Applications and Technologies	Kuala Lumpur, Malaysia
OPTLJ 2024	Integrated Optics and Lightwave : An International Journal	Online
ACM-Ei/Scopus-CCNML 2024	2024 4th International Conference on Communications, Networking and Machine Learning (CCNML 2024) -EI Compendex	Shanghai, China
ACM-EI/Scopus-CVGIP 2024	2024 International Conference on Computer Vision, Graphics and Image Processing (CVGIP 2024)-EI Compendex	Hangzhou, China
AITC--EI 2024	2024 6th International Artificial Intelligence Technology Conference (AITC 2024)	Qingdao, China
MTAP special issue 2024	Heritage Preservation in the Digital Age: Advances in machine learning, monomodal and multimodal processing, and human-machine interaction	Online
CVIV 2024	2024 6th International Conference on Advances in Computer Vision, Image and Virtualization (CVIV 2024) -EI Compendex	Sanya, China
IDC 2024	Intelligent Distributed Computing	Brighton, U,K
ACM-Ei/Scopus-AI2A 2024	2024 4th International Conference on Artificial Intelligence, Automation and Automation (AI2A 2024) -EI Compendex	Shanghai, China
ACM SPML 2024	ACM--2024 7th International Conference on Signal Processing and Machine Learning (SPML 2024)	Qingdao, China
ARISDE 2024	1st International Workshop on Artificial Intelligence for Sustainable Development	Sozopol, Bulgaria
ACM-Ei/Scopus-SCDMC 2024	2024 International Conference on Soft Computing, Data Mining and Cybersecurity (SCDMC 2024)	Xiamen, China
ACM-EI/Scopus-ARAEML  2024	2024 International Conference on Advanced Robotics, Automation Engineering and Machine Learning (ARAEML 2024) -EI Compendex	Hangzhou, China
ARISDE 2024	1st International Workshop on Artificial Intelligence for Sustainable Development	Virtual event
ICIC 2024	20th International Conference on Intelligent Computing	Tianjin, China
COCOON 2024	30th International Computing and Combinatorics Conference	shanghai, China
ICACR 2024	2024 the 8th International Conference on Automation, Control and Robots (ICACR 2024)	Xiangyang, China
MLVis 2024	Machine Learning Methods in Visualisation for Big Data	Odense, Denmark
ICCIA 2024	2024 9th International Conference on Computational Intelligence and Applications (ICCIA 2024)	Haikou, China
AIME 2024	22nd International Conference of Artificial Intelligence in Medicine	Salt Lake City, UT, USA
ACM ICDLT 2024	ACM--2024 8th International Conference on Deep Learning Technologies (ICDLT 2024)	Suzhou, China
IEEE ACIRS 2024	IEEE--2024 the 9th Asia-Pacific Conference on Intelligent Robot Systems (ACIRS 2024)	Dalian, China
ACM ICMLT 2024	ACM--2024 9th International Conference on Machine Learning Technologies (ICMLT 2024)	Oslo, Norway
WCSE 2024	2024 The 14th International Workshop on Computer Science and Engineering (WCSE 2024)	Phuket Island, Thailand
IWCFS 2024	The 9th International Workshop on Cyber-Security and Functional Safety in Cyber-Physical Systems	Naples, Italy
AISys 2024	The 4th International Workshop on AI System Engineering: Math, Modelling and Software	Naples, Italy
AABOH 2024	GECCO 2024 Workshop: Analysing algorithmic behaviour of optimisation heuristics	Melbourne (Hybrid)
KES - IADSP 2024	KES 2024 -- Invited Session on Interdisciplinary Approaches in Data Science Practice	Seville
KES - IADT 2024	KES 2024 -- Invited Session on Interdisciplinary Approaches in Digital Transformation	Seville
JCICE 2024	2024 International Joint Conference on Information and Communication Engineering(JCICE 2024)	Fuzhou, China
LEAP-BH (@AIiH)  2024	Leveraging Emerging AI Paradigms in Biomedical Healthcare	Swansea, UK
LEAP-BH 2024	Leveraging Emerging AI Paradigms in Biomedical Healthcare	Swansea, UK
IEEE ITSC 2024	27th IEEE International Conference on Intelligent Transportation Systems	Edmonton, Canada
IMSA,  Challenges of Intelligent Systems 2024	Intelligent Methods, Systems, and Applicationsâ	Cairo, Egypt
CIFEr 2024	IEEE Symposium on Computational Intelligence for Financial Engineering and Economics	Hoboken, New Jersey, USA
EAAMO 2024	ACM Conference on Equity and Access in Algorithms, Mechanisms, and Optimization	San Luis Potosi, Mexico
AMRMT 2024	2024 9th International Conference on Advanced Materials Research and Manufacturing Technologies (AMRMT 2024)	Cape Town, South Africa
OL2A 2024	4th International Conference on Optimization, Learning Algorithms and Applications	Tenerife, Spain
Cape Town-AMRMT 2024	2024 9th International Conference on Advanced Materials Research and Manufacturing Technologies (AMRMT 2024)	Cape Town, South Africa
LearnAut 2024	Learning and Automata	Tallinn, Estonia
ICACTE 2024	IEEE--2024 The 17th International Conference on Advanced Computer Theory and Engineering (ICACTE 2024)	Hefei, Anhui, China
ICAITE 2024	2024 the International Conference on Artificial Intelligence and Teacher Education (ICAITE 2024)	Beijing, China
BDML--EI 2024	2024 7th International Conference on Big Data and Machine Learning (BDML 2024)	Xiamen, China
ASSE 2024	ACM--2024 5th Asia Service Sciences and Software Engineering Conference (ASSE 2024)	The University of Tokyo, Japan
IEEE LA-CCI 2024	IEEE Latin America Conference on Computational Intelligence	Bogota, Columbia
ACM ICCMS 2024	ACM--2024 The 16th International Conference on Computer Modeling and Simulation (ICCMS 2024)	Dalian, China
ICAII--EI 2024	2024 the 2nd International Conference on Artificial Intelligence Innovation (ICAII 2024)	Bangkok, Thailand
MIET 2024	2nd International Conference on Machine Intelligence and Emerging Technologies	Noakhali, Bangladesh
AEEGE 2024	2024 3rd International Conference on Advanced Electronics, Electrical and Green Energy (AEEGE 2024)	Chengdu,  China
ACM MLMI 2024	ACM--2024 The 7th International Conference on Machine Learning and Machine Intelligence (MLMI 2024)	Osaka, Japan
MLPR 2024	2024 The 2nd International Conference on Machine Learning and Pattern Recognition (MLPR 2024)	Osaka, Japan
ECAI 2024	27th European Conference on Artificial Intelligence	Santiago de Compostela, Spain
ACM WSSE 2024	ACM--2024 The 6th World Symposium on Software Engineering (WSSE 2024)	Kyoto, Japan
MHPC-IM 2024	Minisymposium on High Performance Computing Interval Methods	Ostrava, Czechia
CXAI SI 2024	Special Issue on Causal and Explainable AI	Online
WAML 2024	2nd  Workshop on Applications of Machine Learning and Artificial Intelligence in High-Performance Computing	Ostrava, Czech Republic
EMSICC 2024	International Workshop on Energy Management for Sustainable Internet-of-Things and Cloud Computing	Vienna, Austria
Informed ML for Complex Data@ESANN 2024	Informed Machine Learning for Complex Data special session at ESANN 2024	Bruges, Belgium
ESANN 2024	32nd European Symposium on Artificial Neural Networks, Computational Intelligence and Machine Learning	Bruges, Belgium
WSPML  2024	2024 2nd International Workshop on Signal Processing and Machine Learning	Online
CCAT--EI 2024	2024 the 3rd International Conference on Computer Application Technology (CCAT 2024)	Wenzhou, China
MDIS 2024	International Conference on Modelling and Development of Intelligent Systems	Sibiu, Romania
ML-DE@ECAI 2024	Machine Learning Meets Differential Equations: From Theory to Applications	ECAI, Santiago de Compostela, Spain
ICDSA 2024	5th International Conference on Data Science and Applications	MNIT Jaipur, India
ICCNS 2024	The International Conference on Intelligent Computing, Communication, Networking and Services	Dubrovnik, Croatia
ACM ICAAI 2024	ACM--2024 The 8th International Conference on Advances in Artificial Intelligence (ICAAI 2024)	London, UK
ACM CSAI 2024	ACM--2024 8th International Conference on Computer Science and Artificial Intelligence (CSAI 2024)	Beijing, China
ICMV 2024	17th International Conference on Machine Vision	Edinburgh, UK
iiWAS 2024	The 26th International Conference on Information Integration and Web Intelligence	Bratislava, Slovakia
WMLQ 2024	2nd International Workshop on Machine Learning and Quantum Computing Applications in Medicine and Physics	Warsaw, Poland
ICCPR 2024	ACM--2024 13th International Conference on Computing and Pattern Recognition (ICCPR 2024)	Tianjin, China
TENCON 2024	IEEE Region 10 Conference	Singapore
NYC-2024-NN 2024	New York Annual Conference on Neural Networks 2024	New York, USA
ICONIP 2024	31st International Conference on Neural Information Processing	Auckland, New Zealand
FMLDS 2024	International Conference on Future Machine Learning and Data Science	Sydney
NYC-2024-DL 2024	New York Annual Conference on Deep Learning 2024	New York, USA
NYC-2024-ML 2024	New York Annual Conference on Machine Learning 2024	New York, USA
AITA 2024	2nd International Conference on Artificial Intelligence: Theory and Applications	IBS Bangalore, India
IOTSMS 2024	The 11th International Conference on Internet of Things: Systems, Management and Security	MalmÃÖ, Sweden
DTMO 2024	Digital Twins for modeling and optimization of manufacturing system operation	Online
PRICAI 2024	The 21st Pacific Rim International Conference on Artificial Intelligence	Clock Tower Centennial Hall Kyoto Univer
DSAI 2024	2nd International Conference on Data Science and Artificial Intelligence	Medan, Indonesia
IEEE ICEBE 2024	20th IEEE International Conference on e-Business Engineering	Fudan University, Shanghai, China
NLPIR 2024	ACM--2024 8th International Conference on Natural Language Processing and Information Retrieval (NLPIR 2024)	Okayama, Japan
ACML 2024	16th Asian Conference on Machine Learning	Hanoi, Vietnam
CIS 2024	5th Congress on Intelligent Systems	Bengaluru, India
CIIS 2024	ACM--2024 7th International Conference on Computational Intelligence and Intelligent Systems (CIIS 2024)	Nagoya, Japan
ISCMI 2024	2024 11th International Conference on Soft Computing & Machine Intelligence (ISCMI 2024)	Melbourne, Australia
CRET--EI 2024	2024 International Conference on Control, Robotics Engineering and Technology (CRET 2024)	Milan, Italy
ICDM 2024	IEEE International Conference on Data Mining	Abu Dhabi, UAE
AIAT--EI 2024	2024 4th International Conference on Artificial Intelligence and Application Technologies (AIAT 2024)	Yokohama, Japan
IEEE ICCR 2024	IEEE--2024 6th International Conference on Control and Robotics (ICCR 2024)	Yokohama, Japan
MLTEEF 2024	Machine Learning Technologies on Energy Economics and Finance	Book Proposal
ICMLA 2024	23rd International Conference on Machine Learning and Applications	Miami, Florida
EAIH 2024	Explainable AI for Health	Online
IEETeL 2024	15th International workshop on Interactive Environments and Emerging Technologies for eLearning	Paris, France
IEEE ICA 2022	The 6th IEEE International Conference on Agents	Adelaide, Australia
DataMod 2024	12th International Symposium DataMod 2024: From Data to Models and Back	Aveiro, Portugal
LAJC 2024	Latin-American Journal of Computing	Online
CSCT 2024	Congress on Smart Computing Technologies	Sikkim, India
MLIS 2024	The 6th International Conference on Machine Learning and Intelligent Systems (MLIS 2024)	Universiti Tunku Abdul Rahman, Malaysia
ITNG 2024	The 21st Int'l Conf, on Information Technology: New Generations                          ITNG 2024	Las Vegas
IITUPC 2024	Immunotherapy and Information Technology: Unleashing the Power of Convergence	Online
ACM ICMAI  2024	ACM--2024 9th International Conference on Mathematics and Artificial Intelligence (ICMAI 2024)	Beijing, China
IEEE ICCAR 2024	IEEE--2024 10th International Conference on Control, Automation and Robotics (ICCAR 2024)	Singapore
IEEE SmartNets 2024	2024 IEEE International Conference on Smart Applications, Communications and Networking	Harrisonburg/Washington DC
ACM ICCTA 2024	ACM--2024 10th International Conference on Computer Technology Applications (ICCTA 2024)	Vienna, Austria
WCSA 2024	2024 International Workshop on Control Sciences and Automation (WCSA 2024)	Singapore
ICRoM 2024	2024 the 6th International Conference on Robotics and Mechatronics (ICRoM 2024)	Cape Town, South Africa
CONECCT 2024	Conference of Opportunities for Networking, Excellence, Collaboration and Cooperation among Technologists	J,N,Tata Auditorium, IISc,India
UBISS 2024	12th International UBI Summer School	Oulu, Finland
Effective Grant Writing Using AI 2024	Invitation to Faculty Development Program Effective Grant Writing Strategies Using AI	Online
AI Safety 2024	Special Issue for the Journal Frontiers in Robotics and AI on AI Safety: Safety Critical Systems	Online
Springer ISPR'2024	The 4'th International Conference on Intelligent Systems and Pattern Recognition	Istanbul, Turkey
ICAISE 2024	2024 3rd International Conference on Artificial Intelligence and Software Engineering (ICAISE 2024)	Singapore
ISAI 2024	2024 the 4th International Symposium on AI (ISAI 2024)	Chengdu, China
SEA4DQ 2024	4th International Workshop on Software Engineering and AI for Data Quality	Porto de Galinhas, Brazil
BioInfoMed 2024	Third International Symposium on Bioinformatics and Biomedicine	Burgas, Bulgaria
MIPR 2024	International Conference on Multimedia Information Processing and Retrieval	San Jose, CA, USA
MIGARS 2024	International Conference on Machine Intelligence for GeoAnalytics and Remote Sensing	Wellington, New Zealand
IJNLC 2024	International Journal on Natural Language Computing - H index - 22	Online
AI  2024	10th International Conference on Artificial Intelligence and Applications	London, United Kingdom
SNLP 2024	5th International Conference on Semantic & Natural Language Processing	Copenhagen, Denmark
SIPIJ 2024	Signal & Image Processing : An International Journal - WJCI Listed, H index - 35	Online
CIRSY 2024	10th International Conference on Circuits and Systems	Copenhagen, Denmark
AE 2024	8th International Conference on Advances in Engineering	Copenhagen, Denmark
IJCI 2024	Call for Conference Proceedings - International Journal on Cybernetics & Informatics	Online
MathSJ 2024	Applied Mathematics and Sciences: An International Journal	Online
ACM BSCI 2024	The 6th ACM International Symposium on Blockchain and Secure Critical Infrastructure	Singapore
MaVaS 2024	10th International Conference of Managing Value and Supply Chains	Toronto, Canada
ECIJ 2024	Electrical & Computer Engineering: An International Journal	Online
ANaNO 2024	International Conference on Advanced Nanoscience and Technology	Virtual Conference
ACII 2024	Advanced Computational Intelligence: An International Journal	Online
ASUC 2024	15th International Conference on Ad hoc, Sensor & Ubiquitous Computing	Vancouver, Canada
IJFCST 2024	International Journal on Foundations of Computer Science & Technology	Online
CRBL  2024	International Conference on Cryptography and Blockchain	Chennai, India
IJCCMS 2024	International Journal of Chaos, Control, Modelling and Simulation	Online
CSIP 2024	11th International Conference on Signal Processing	Copenhagen, Denmark
ACSIT 2024	12th International Conference of Advanced Computer Science & Information Technology	Copenhagen, Denmark
CSTY 2024	10th International Conference on Computer Science and Information Technology	London, United Kingdom
AI 2024	10th International Conference on Artificial Intelligence and Applications	London, United Kingdom
AIFU 2024	10th International Conference on Artificial Intelligence and Applications	Zurich, Switzerland
FCST 2024	12th International Conference on Foundations of Computer Science & Technology	Copenhagen, Denmark
IRCE 2024	IEEE--2024 7th International Conference on Intelligent Robotics and Control Engineering (IRCE 2024)	Xi'an, China
ISDFS 2024	12th International Symposium on Digital Forensics and Security	San Antonio, TX, USA
AIET 2024	Springer--2024 5th International Conference on Artificial Intelligence in Education Technology (AIET 2024)	Barcelona, Spain
Springer ICTEM 2024	Springer--2024 5th International Conference on Teaching and Education Management (ICTEM 2024)	Barcelona, Spain
IEISC 2024	2024 2nd Industrial Electronics and Intelligent Systems Conference (IEISC 2024)	Istanbul
ICPRS 2024	IEEE 14th International Conference on Pattern Recognition Systems	London, UK
SPIE IWPR 2024	SPIE--2024 9th International Workshop on Pattern Recognition (IWPR 2024)	Xiamen, China
ACKIM 2024	2024 2nd Asia Conference on Knowledge and Innovation Management (ACKIM 2024)	Bangkok, Thailand
ICCRI 2024	2024 the 7th International Conference on Control, Robotics and Informatics (ICCRI 2024)	Danang, Vietnam
ICCRE 2024	IEEE--2024 9th International Conference on Control and Robotics Engineering (ICCRE 2024)	Osaka University, Osaka, Japan
IEEE SEAI  2024	2024 4th IEEE International Conference on Software Engineering and Artificial Intelligence (SEAI 2024)	Xiamen, China
ACMLC--EI 2024	2024 6th Asia Conference on Machine Learning and Computing (ACMLC 2024)	Bangkok, Thailand
ICEIEC 2024	2024 14th International Conference on Electronics Information and Emergency Communication	Beijing,China
ICMIM 2024	2024 The 6th International Conference on Materials and Intelligent Manufacturing (ICMIM 2024)	Inha University, Incheon, South Korea
PRML 2024	2024 the 5th International Conference on Pattern Recognition and Machine Learning (PRML 2024)	Chongqing, China
MMCM@CVPR 2024	2nd IEEE Workshop on Multimodal Content Moderation (MMCM) @ CVPR 2024	Seattle WA, USA
SCAI 2024	Scandinavian Conference on AI	JÃÖnkÃÖping
ACAIN 2024	4th Advanced Course  and Symposium on Artificial Intelligence and Neuroscience	Riva del Sole Resort & SPA - Tuscany
REAL-Info 2024	1st Workshop on Reliable Evaluation of LLMs for Factual Information	Buffalo, NY, USA
CSMO 2024	2024 8th International Conference on Simulation, Modeling and Optimization (CSMO 2024)	Hong Kong
Hong Kong-CSMO 2024	2024 8th International Conference on Simulation, Modeling and Optimization (CSMO 2024)	Hong Kong
Springer AIVR 2024	Springer--2024 8th International Conference on Artificial Intelligence and Virtual Reality (AIVR 2024)	Fukuoka, Japan
MLSP 2024	Multilingual Lexical Simplification Pipeline (MLSP) Shared Task @ 19th Workshop on Innovative Use of NLP for Building Educational Applications	Mexico City
CONCEPTS 2024	1st International Joint Conference on Conceptual Knowledge Structures	Cadiz, Spain
i-Society 2024	The 17th International Conference on Information Society	Cambridge, UK
IISA 2024	15th International Conference on Information, Intelligence, Systems and Applications	Chania, Crete, Greece
ICSTE 2024	2024 14th International Conference on Software Technology and Engineering (ICSTE 2024)	Macau, China
Scopus-AIAAT 2024	2024 7th International Conference on Artificial Intelligence Applications and Technologies	Kuala Lumpur, Malaysia
JARES 2024	International Journal of Advance Robotics & Expert Systems	Online
ACM HPCCT 2024	ACM--2024 8th High Performance Computing and Cluster Technologies Conference (HPCCT 2024)	Beijing, China
UMR 2024	UMR Parsing Workshop	Boulder, Colorado
PRIS 2024	Hongkong | 2024 6th International Conference on Pattern Recognition and Intelligent Systems (PRIS 2024)	Hongkong, China
ABAW  2024	6th Workshop and Competition on Affective Behavior Analysis in-the-wild @ IEEE CVPR 2024	Seattle, USA
Hongkong PRIS 2024	2024 6th International Conference on Pattern Recognition and Intelligent Systems (PRIS 2024)	Hongkong, China
ECOJ 2024	Ecology: An International Journal	Online
ICFIT 2024	2024 13th International Conference on Frontiers of Intelligent Technology (ICFIT 2024)--ESCI	Macau, China
ICRIT 2024	2024 7th International Conference on Robotics and Intelligent Technology (ICRIT 2024)	Macau, China
ICKD--EI 2024	2024 12th International Conference on Knowledge Discovery (ICKD 2024)	Macau S,A,R, China
IAIL 2024	Imaging the AI Landscape after the AI ACT	MalmÃÖ, Sweden
FSTJ 2024	Food Science and Technology: An International Journal	Online
AITC 2024	2024 6th International Artificial Intelligence Technology Conference (AITC 2024)	Qingdao, China
REM 2024	IEEE International Conference on Research and Education in Mechatronics	Dead Sea, Jordan
SPML 2024	ACM--2024 7th International Conference on Signal Processing and Machine Learning (SPML 2024)	Qingdao, China
CTISC 2024	2024 6th International Conference on Advances in Computer Technology, Information Science and Communications (CTISC 2024) -EI Compendex	Sanya, China
Curious 2024	CURIOUS2024Â­ FUTURE INSIGHTâ,¢ CONFERENCE	Mainz, Germany (Rheingoldhalle) & online
ICAC 2024	The 29th International Conference on Automation and Computing	Sunderland, UK
Horizon_ENFIELD 2024	Open Call for Proposals_Researchers Mobility Program	Europe
JDSA MSBE 2023	International Journal of Data Science and Analytics: Special Issue on Data Science and AI in Marine Science and Blue Economy	Online
ICSI 2024	The Fifteenth International Conference on Swarm Intelligence	Xining, China
IEEE COINS 2024	6th IEEE International Conference on Omni-Layer Intelligent systems	London, United Kingdom
ACM ICCCV 2024	ACM--2024 The 6th International Conference on Control and Computer Vision (ICCCV 2024)	Tianjin, China
Midwest CogSci 2024	Midwest Cognitive Science Conference 2024	Athens, Ohio, USA
ICACR--EI 2024	2024 the 8th International Conference on Automation, Control and Robots (ICACR 2024)	Xiangyang, China
C3AI 2024	The International Conference on  Computing, Communication, Cybersecurity & AI	London, UK
ICCSM 2024	2024 8th International Conference on Computer, Software and Modeling (ICCSM 2024)	Paris, France
IEEE CCAI 2024	2024 IEEE the 4th International Conference on Computer Communication and Artificial Intelligence (CCAI 2024)	Xidian University, Xi'an, China
ACM ICHMI 2024	ACM--2024 4th International Conference on HumanâMachine Interaction (ICHMI 2024)	Xi'an, China
BDEE--EI 2024	2024 The 4th International Conference on Big Data Engineering and Education (BDEE 2024)	Chiangmai, Thailand
WCSE--EI 2024	2024 The 14th International Workshop on Computer Science and Engineering (WCSE 2024)	Phuket Island, Thailand
ICMIMT 2024	IEEE--2024 15th International Conference on Mechanical and Intelligent Manufacturing Technologies (ICMIMT 2024)	Cape Town, South Africa
ICCIA--EI 2024	2024 9th International Conference on Computational Intelligence and Applications (ICCIA 2024)	Haikou, China
IEEE ICMAE 2024	IEEE--2024 15th International Conference on Mechanical and Aerospace Engineering (ICMAE 2024)	Zagreb, Croatia
IEEE ICoIAS 2024	IEEE--2024 the 7th International Conference on Intelligent Autonomous Systems (ICoIAS 2024)	Dalian, Liaoning, China
ISDEA 2024	2024 3rd International Conference on Intelligent Systems Design and Engineering Applications (ISDEA 2024)	Tottori, Japan
NLPAICS 2024	First International Conference on Natural Language Processing  and Artificial Intelligence for Cyber Security	Lancaster, United Kingdom
PPSN 2024	18th International Conference on Parallel Problem Solving From Nature	Hagenberg, Austria
SNPD 2024	27th ACIS International Summer Conference on Software Engineering, Artificial Intelligence, Networking and Parallel/Distributed Computing	Beijing, China
ICDD 2024	International Conference on Applied Informatics Imagination, Creativity, Design, Development	Sibiu, Romania
IEEE SMC 2024	IEEE International Conference on Systems, Man, and Cybernetics	Kuching, Sarawak, Malaysia
SIUSAI 2024	2024 3rd International Symposium on Intelligent Unmanned Systems and Artificial Intelligence(SIUSAI 2024)	Qingdao, China
IEEE WSAI 2024	IEEE--2024 the 6th World Symposium on Artificial Intelligence (WSAI 2024)	Guangzhou, China
ICVR 2024	IEEE--2024 the 10th International Conference on Virtual Reality (ICVR 2024)	Bournemouth, United Kingdom
ACM ICSED 2024	ACM--2024 6th International Conference on Software Engineering and Development (ICSED 2024)	Hong Kong
IEEE ICTLE 2024	IEEE--2024 12th International Conference on Traffic and Logistic Engineering (ICTLE 2024)	Macau, China
HUMAD 2024	[Scopus] [ACM] International Workshop on Human-Centered Modeling and Adaptation for Digital Transformation	Cagliari, Italy; also online
IEEE ICWOC 2024	IEEE--2024 12th International Conference on Intelligent Computing and Wireless Optical Communications (ICWOC 2024)	Chongqing, China
HP3C 2024	ACM--2024 8th International Conference on High Performance Compilation, Computing and Communications (HP3C 2024)	Guangzhou, China
AIiH 2024	Artificial Intelligence in Healthcare	Swansea
NiDS 2024	International Conference on Novel and Intelligent Digital Systems	Athens, Greece (both in-person and onli)
IEEE ISNCC 2024	2024 International Symposium on Networks, Computers and Communications	Washington DC
EAMT  2024	The 25th Annual Conference of  The European Association for Machine Translation	Sheffield, UK
BELIEF 2024	The 8th International Conference on Belief Functions	Belfast, Ulster University, Northern Ire
XR Salento  2024	International Conference on eXtended Reality	Lecce, Italy
IEEE ESAS 2024	IEEE ESAS 2024: The 19th International Workshop on e-Health Systems & Web Technologies	Osaka, Japan
ICRAS 2024	IEEE--2024 8th International Conference on Robotics and Automation Sciences (ICRAS 2024)	Tokyo,Japan
AAAC--EI 2024	2024 The 2nd Asian Aerospace and Astronautics Conference (AAAC 2024)	Nanjing, China
RSAE 2024	ACM--2024 the 6th International Conference on Robotics Systems and Automation Engineering (RSAE 2024)	Tokyo,Japan
mSBW 2024	2024 International Mammalian Synthetic Biology Workshop (mSBW)	Boston, MA
SCA 2024	SMART CITY ASIA 2024	Saigon Exhibition and Convention Center
ACM ASSE 2024	ACM--2024 5th Asia Service Sciences and Software Engineering Conference (ASSE 2024)	The University of Tokyo, Japan
ACM AIPR 2024	ACM--2024 7th International Conference on Artificial Intelligence and Pattern Recognition (AIPR 2024)	Xiamen, China
SI on ATD&IS III 2024	Special Issue on Advanced Technologies in Data and Information Security III, Applied Sciences, MDPI	Online
ICAII 2024	2024 the 2nd International Conference on Artificial Intelligence Innovation (ICAII 2024)	Bangkok, Thailand
ICRSA 2024	2024 the 7th International Conference on Robot Systems and Applications (ICRSA 2024)	Bangkok, Thailand
IEEE ICACTE 2024	IEEE--2024 The 17th International Conference on Advanced Computer Theory and Engineering (ICACTE 2024)	Hefei, Anhui, China
ICCX 2024	CFP: 'The Human and the Machine: AI and the Changing World'	Online
ICRCV 2024	IEEE--2024 6th International Conference on Robotics and Computer Vision (ICRCV 2024)	Wuxi, China
IPAI 2024	2024 International Conference on Image Processing and Artificial Intelligence (IPAI 2024)	Paris, France
MEVE--EI 2024	2024 6th International Conference on Mechanical Engineering and Vehicle Engineering (MEVE 2024)	Wuxi, China
INISTA 2024	The 18th International Symposium on INnovation in Intelligent SysTems and Applciations	Craiova, Romania
IT-Tage 2024	IT-Tage - IT-Konferenz fÃ¼r Software-Entwicklung, -Architektur, KI, Datenbanken, DevOps, Agile und Management	Frankfurt am Main
ICITES 2024	2024 4th International Conference on Intelligent Technology and Embedded Systems (ICITES 2024)	Chengdu, China
SBD Summer School 2024	SoBigData RI Summer School 2024 Empowering data for social good	Baratti - Tuscany, Italy
RTIP2R 2024	7th International Conference on Recent Trends in Image Processing and Pattern Recognition	Bhopal, India
KONVENS 2024	Konferenz zur Verarbeitung natÃ¼rlicher Sprache / Conference on Natural Language Processing	Vienna
VRIP 2024	ACM--2024 6th International Conference on Virtual Reality and Image Processing (VRIP 2024)	Macao, China
DITTET 2024	(Springer) 4th International Conference on Disruptive Technologies, Tech Ethics and Artificial Intelligence	Virtually
ICMRA 2024	2024 7th International Conference on Mechatronics, Robotics and Automation (ICMRA 2024)	Wuhan, China
IEEE ICCS 2024	2024 IEEE 4th International Conference on Computer Systems (ICCS 2024)	Hangzhou, China
AICCSA 2024	The ACS/IEEE 21st International Conference on Computer Systems and Applications	Sousse, Tunisia
IWBBIO 2024	International Work-Conference on Bioinformatics and Biomedical Engineering	Gran Canaria, Spain
ITISE 2024	International conference on Time Series and Forecasting	Gran Canaria, Spain
ICDMA 2024	2024 10th International Conference on Digital Manufacturing and Automation (ICDMA 2024)	Changchun, Jilin Province, China
CNCIT 2024	2024 3rd International Conference on Networks, Communications and Information Technology (CNCIT 2024)	Xi'an, China
PRO-VE 2024	[PRO-VE 2024][October 28-30][Albi, France] Navigating Unpredictability: Collaborative Networks in Non-linear Worlds	Albi (France)
TechDev--EI 2024	2024 13th International Conference on Computer Technologies and Development (TechDev 2024)	Huddersfield, UK
CCAT 2024	2024 the 3rd International Conference on Computer Application Technology (CCAT 2024)	Wenzhou, China
AgriAI 2024	IEEE Artificial Intelligence in Agriculture	Belgrade, Serbia
ICCMA--EI 2024	2024 The 12th International Conference on Control, Mechatronics and Automation (ICCMA 2024)	Brunel University London, UK
ENO-CANCOA 2024	XVIII National Meeting on Optics and the IX Andean and Caribbean Conference on Optics and its Applications	Cartagena, Colombia
CIBB 2024	Computational Intelligence Methods for Bioinformatics and Biostatistics	Benevento - Italy
ICAAI 2024	ACM--2024 The 8th International Conference on Advances in Artificial Intelligence (ICAAI 2024)	London, UK
EAIT 2024	2024 The 5th International Conference on Education and Artificial Intelligence Technologies (EAIT 2024)	London, UK
AIMSA 2024	19th International Conference on Artificial Intelligence: Methodology, Systems, Applications AIMSA 2024	Golden Sands, Varna, Bulgaria
MEAE 2024	2024 the 10th Asia Conference on Mechanical Engineering and Aerospace Engineering (MEAE 2024)	Taicang, China
IEEE SRSE 2024	IEEE--2024 The 6th International Conference on System Reliability and Safety Engineering (SRSE 2024)	Hangzhou, Zhejiang, China
IEEE WAIE 2024	IEEE--2024 6th International Workshop on Artificial Intelligence and Education (WAIE 2024)	Tokyo, Japan
IBERAMIA 2024	18th Ibero-American Conference on Artificial Intelligence	Montevideo, Uruguay
FLLM 2024	The 2nd International Conference on Foundation and Large Language Models	Dubai, UAE
ICCSSE 2024	2024 10th International Conference on Control Science and Systems Engineering (ICCSSE 2024)	Beijing, China
ICPM 2024	International Conference on Process Mining	Copenhagen, Denmark
WCCS 2024	First CFP : Call for papers at WCCS24 November 11 to 14, 2024, in Casablanca, Morocco	Casablanca, Morocco
I3E 2024	23rd IFIP Conference e-Business, e-Services, and e-Society	Heerlen, the Netherlands
ICSESS 2024	2024 15th International Conference on Software Engineering and Service Science	China
TAL-ALD 2024	Special issue of the journal Traitement Automatique des Langues (TAL)  Abusive Language Detection : Linguistic Resources, Methods and Applications	Online
NYC-2024-AI 2024	New York Annual Conference on Artificial Intelligence 2024	New York, USA
AICC 2024	AI for Cognitive Computing	Online
CIARP 2024	Iberoamerican Congress on Pattern Recognition	Talca, Chile
IOTSMS 2024	The 11th International Conference on Internet of Things: Systems, Management and Security	Malmo, Sweden
NCTA 2024	16th International Conference on Neural Computation	Porto, Portugal
IEEE RCAE 2024	IEEE--2024 The 7th International Conference on Robotics, Control and Automation Engineering (RCAE 2024)	Wuhu, China
IEEE ICITE 2024	2024 IEEE the 9th International Conference on Intelligent Transportation Engineering (ICITE 2024)	Xi'an, China
CPS AIPE 2024	CPS--2024 2nd International Conference on Artificial Intelligence and Power Engineering (AIPE 2024)	Sendai, Japan
SMART STEM 2024	National Conference SMART STEM Education and Innovations 2024	Sofia, Bulgaria
IEEE ICAIGE 2024	2024 IEEE 2nd International Conference on Artificial Intelligence & Green Energy	Yasmine Hammamet, Tunisia
JCRAI 2024	2024 4th International Joint Conference on Robotics and Artificial Intelligence	Shanghai, China
ACM NLPIR 2024	ACM--2024 8th International Conference on Natural Language Processing and Information Retrieval (NLPIR 2024)	Okayama, Japan
MMRCE  2024	2024 International Conference on Mechanical Manufacturing, Robotics and Control Engineering	Chongqing, China
DS 2024	Discovery Science 2024	Pisa, Italy
IGI Global Book Chapter 2024	Future of Digital Technology and AI in Social Sectors	USA
SUM 2024	16th International Conference on Scalable Uncertainty Management	Palermo, Italy
ISCMI 2024	11th International Conference on Soft Computing and Machine Intelligence	Melbourne, Australia
LSGDA 2024	The 3rd International Workshop onÂ Large-Scale Graph Data Analytics	Guangzhou, China
ACM CIIS 2024	ACM--2024 7th International Conference on Computational Intelligence and Intelligent Systems (CIIS 2024)	Nagoya, Japan
MIWAI 2024	17th Multi-Disciplinary International Conference on Artificial Intelligence	Pattaya City, Thailand
SPECOM 2024	26th International Conference on Speech and Computer	Belgrade, Serbia
AIKE 2024	7th IEEE International Conference on Artificial Intelligence and Knowledge Engineering	Laguna Hills, California, USA
CompAuto 2024	2024 4th International Conference on Computers and Automation (CompAuto 2024)	Milan, Italy
CRET 2024	2024 International Conference on Control, Robotics Engineering and Technology (CRET 2024)	Milan, Italy
IEEE CRC 2024	IEEE--2024 9th International Conference on Control, Robotics and Cybernetics (CRC 2024)	Penang, Malaysia
EKAW 2024	The 24th International Conference on Knowledge Engineering and Knowledge Management (EKAW-24)	Amsterdam, Netherlands
CCVPR 2024	2024 International Joint Conference on Computer Vision and Pattern Recognition (CCVPR 2024)	Shanghai, China
ACM AICCC 2024	ACM--2024 7th Artificial Intelligence and Cloud Computing Conference (AICCC 2024)	Waseda University in Tokyo, Japan
AIAT 2024	2024 4th International Conference on Artificial Intelligence and Application Technologies (AIAT 2024)	Yokohama, Japan
ICCR 2024	IEEE--2024 6th International Conference on Control and Robotics (ICCR 2024)	Yokohama, Japan
WI-IAT 2024	23rd IEEE/WIC International Conference on Web Intelligence and Intelligent Agent Technology	Bangkok, Thailand
Springer CMAME 2024	Springer--2024 the 11th International Conference on Mechanical, Automotive and Materials Engineering (CMAME 2024)	Bangkok, Thailand
PMAE 2024	2024 The 6th International Conference on Progress in Mechanical and Aerospace Engineering (PMAE 2024)	Bangkok, Thailand
EAICI 2024	Explainable AI for Cancer Imaging	Online
ICMERR 2025	2025 the 9th International Conference on Mechanical Engineering and Robotics Research (ICMERR 2025)	Barcelona, Spain
UCC 2024	The IEEE/ACM International Conference on Utility and Cloud Computing	Sharjah, UAE
ICCIS 2024	6th International Conference on Communication and Intelligent Systems	MANIT Bhopal India
InCIT 2024	The 8th International Conference on Information Technology	Thailand
NLE Special Issue 2024	Natural Language Engineering- Special issue on NLP Approaches for Computational Analysis of Social Media Texts for Online Well-being and Social Order	Online
CrossMED 2024	International Conference Landscapes Across the Mediterranean	Reggio Calabria (Italy)
SOICT 2024	The 13th International Symposium on Information and Communication Technology	Danang, Vietnam
WVC 2024	XIX - Workshop on Computer Vision	Rio ParanaÃ­ba - MG - Brazil
ISCAI 2024	2024 3rd International Symposium on Computing and Artificial Intelligence	Dali, China
IEEE-JBHI (SI) 2024	Special Issue on Revolutionizing Healthcare Informatics with Generative AI: Innovations and Implications	Online
CPAIOR 2024	International Conference on the Integration of Constraint Programming, Artificial Intelligence, and Operations Research	Uppsala, Sweden
DEPLING  2023	International Conference on Dependency Linguistics	Washington D,C,, USA
